Actual,Predicted,Residual
0.0356289657352586,0.032545518,0.003083447605194592
0.0023826457684153,0.005858127,-0.003475481259334715
0.0306199598083068,0.015668811,0.014951148531751737
-0.021961988425382,-0.021238936,-0.0007230523140510127
-0.0390315834482729,-0.030595679,-0.008435904612165646
0.0079298248708103,0.012480576,-0.004550750720515459
-0.0217193245163757,-0.016509656,-0.005209668653329055
0.0414378427926324,0.037521128,0.003916715181233703
0.0610096646562165,0.05551965,0.005490013034636379
-0.0243329509091091,-0.026607446,0.002274495463399903
0.0595856779684121,0.065346435,-0.005760756743997876
0.0340193220170122,0.026896391,0.007122930953083598
0.0078013277198509,0.0021746333,0.005626694397567274
0.0436436899678687,0.01822023,0.02542346089350976
0.0633979935639031,0.057152145,0.006245848953021299
0.0413288550555629,0.03752518,0.0038036743283194757
0.0282483062640587,0.01810599,0.010142316941992392
0.0566160740824596,0.049425017,0.00719105699380794
0.0215122862694746,0.026043901,-0.0045316149504894265
-0.0664009151136104,-0.016418422,-0.04998249347261824
0.0425909385222557,0.04728952,-0.004698581979834755
0.0523794446957486,0.05663716,-0.004257715784273829
-0.0040266412449708,-0.0009799652,-0.0030466760415291203
-0.0395794322301023,-0.03320946,-0.006369970511304619
0.0164871129184178,0.02196011,-0.005472996553856982
0.0645055858579543,0.049179602,0.015325983443584712
-0.0028260164418415,-0.011118536,0.00829251944188319
-0.0118152215299748,0.00065833435,-0.012473555879256885
-0.0333500397295545,-0.019441856,-0.01390818365820154
-0.0370666297956657,-0.031700313,-0.005366316704387621
0.0574723688967852,0.053897507,0.003574861408057628
-0.0503246789385423,-0.052066296,0.001741617400492737
-0.0435200162328853,-0.038624108,-0.004895908395208301
0.0456937865938857,0.03274183,0.01295195684096364
0.0660436877487474,0.06523994,0.0008037441848092602
0.0078821027166161,0.021787249,-0.01390514583522945
-0.0103667840256604,-0.013253281,0.0028864968673077782
-0.0567583954412215,-0.039979078,-0.016779317565607334
0.0835686813954738,0.079689115,0.0038795661096003853
0.0722467508066172,0.06898582,0.0032609309900278466
0.0162306439669113,0.019178346,-0.0029477018325348055
0.0213854244017263,0.011831444,0.00955398064490753
0.0327500551322398,0.04835323,-0.015603173585802571
-0.0037607980521293,-0.008696786,0.004935988075855224
0.0013082215087594,0.005040037,-0.003731815471303323
-0.0270085576062858,-0.019265894,-0.007742663759535539
-0.0316796612394551,-0.022230549,-0.009449112455318327
0.0399012195436307,0.029303657,0.010597562652642348
0.0162002487493474,0.014359214,0.001841034406216812
-0.0316072746212143,-0.013141061,-0.018466213441874414
0.068179380634241,0.059164032,0.009015348294191261
-0.0436614771969729,-0.045666594,0.0020051168613023224
-0.0247152970661961,-0.036357727,0.011642429835573537
0.0268149869692585,0.027203431,-0.0003884443837144855
0.0050478950324226,0.004053894,0.0009940010676849466
0.0179264519225245,0.021307152,-0.0033806998421067706
0.0703980616151602,0.07480976,-0.004411698240110187
-0.0384582386855944,-0.03930461,0.0008463716561929388
-0.0090089792042864,-0.011740469,0.002731490169476207
0.0474142628930577,0.044809397,0.0026048655830391634
0.0608086810183933,0.059800692,0.0010079891157558155
-0.0180708445436762,-0.015182806,-0.002888038364748779
0.0122448378856315,0.0059473454,0.006297492483539759
0.0310265038384077,0.035376683,-0.004350179039132887
0.0206917872601203,0.01186393,0.008827857109253791
0.0369133750979973,0.042495847,-0.005582471650354748
-0.0220375898841898,-0.009652512,-0.01238507773616715
0.0067217406793866,0.008519025,-0.001797283908781067
0.063439919434093,0.059482787,0.003957132629655358
0.0382272278530566,0.034434322,0.003792905585285833
0.05776046206322,0.05266945,0.0050910114225415914
0.0209944157401488,0.01304546,0.007948955754415767
-0.0350508740739471,-0.017795254,-0.01725562052890125
-0.042291532122017,-0.04855786,0.006266326792119886
-0.009583505873923,-0.004130356,-0.005453149860148129
0.0361434147835708,0.03838636,-0.0022429450272583654
0.0289850869910305,0.020948337,0.008036749600011633
0.07754726970604,0.07871865,-0.0011713776547616905
0.0161361229263962,0.023798013,-0.007661890179592304
0.0241149516434247,0.027182443,-0.0030674914240067484
0.0740920028904072,0.078791924,-0.004699920930565246
0.0453850378746498,0.040911783,0.004473255341719426
0.0220887034329032,0.018685073,0.0034036307724570336
-0.0065998050233204,-0.0068977103,0.0002979052404086958
-0.0487645698716768,-0.04506384,-0.0037007315089830142
-0.0079410651215133,-0.0005572611,-0.007383804009832882
-0.0314721939779307,-0.022697076,-0.008775117776491793
-0.0272914637535201,-0.02724967,-4.179409736260534e-05
0.0171375829096197,0.009218693,0.007918890130078685
0.0547685403103303,0.054946806,-0.00017826597147473783
-0.0367072027817631,-0.019724706,-0.016982496593918824
0.0146893999439179,0.013903764,0.0007856358673869659
0.0615830802209855,0.06114234,0.0004407399185181529
0.06167013289303,0.060411107,0.0012590260979574441
0.0590488143349516,0.053887393,0.005161421009384354
-0.0305329775621069,-0.025903547,-0.004629430379427722
-0.0361944575617412,-0.029617744,-0.006576713995108931
0.0369144253245512,0.032040395,0.004874030481926535
-0.0207650671555688,-0.03588484,0.015119771395714084
0.0294914097140502,0.01877747,0.010713940540976432
0.0431451007802811,0.04630829,-0.003163189433065379
0.0911701040673462,0.088886954,0.002283150177022561
0.0338531441593947,0.030730933,0.0031222112084211898
0.0090008657693683,0.009020693,-1.982689948689005e-05
-0.003166224402826,-0.0016513979,-0.001514826496582199
-0.0168460153940841,-0.010270194,-0.006575821243576651
0.0517286052618749,0.056497674,-0.00476906917350222
0.0476333026652899,0.04323128,0.004402024007376694
0.0358047264518998,0.019228306,0.01657642078426102
-0.0039423835266393,0.0033657227,-0.00730810624435659
0.0122425317439302,0.010711364,0.0015311672958596735
0.0309881204245946,0.026991209,0.003996911409344394
0.0910493603250809,0.087945335,0.003104025711757691
-0.0246066321258407,-0.022339337,-0.0022672955517630926
-0.0358082031473273,-0.027948264,-0.00785993911472499
-0.0277570052201131,-0.02313181,-0.004625195091424287
-0.0429788293420462,-0.03796753,-0.005011300194182812
-0.0428494862706303,-0.030080395,-0.01276909145125145
-0.0117467188783008,-0.009870367,-0.0018763517536240955
0.0268920245638875,0.025106167,0.0017858571431426037
-0.0348029766535547,-0.027365202,-0.00743777456937101
0.0034536810771376,0.007936831,-0.0044831495552509915
0.0105356460689775,0.014511261,-0.003975615066362237
0.0297254686351585,0.033048175,-0.003322706640167275
-0.0329143993731092,-0.030298078,-0.002616320940430024
0.0197629914080802,0.023255182,-0.003492191022067926
-0.0180829394454255,-0.026707212,0.00862427206392146
0.0536329375814822,0.056933478,-0.0033005399394604867
0.0329617373717953,0.03349552,-0.0005337819384406764
0.0484140712267553,0.047539357,0.0008747141307984957
0.0479201488734515,0.053586386,-0.005666237270709723
-0.0015261090699745,-0.01218735,0.010661240540056151
0.0094424999288325,0.008969588,0.0004729117236141854
2.5742734641431e-07,-0.0020374216,0.0020376789947119415
-0.0102644847198144,-0.008978559,-0.0012859260155573884
-0.032778309914305,-0.03363565,0.0008573399157979222
-0.0056840621411393,-0.01545397,0.009769907918613164
0.0111329445667489,0.021068174,-0.00993522982523604
0.0862074611696188,0.0855452,0.0006622640403692315
-0.0288467595214158,-0.02665254,-0.002194220372489064
0.0017466725788194,-0.0024885072,0.004235179769538647
0.0275262243205427,0.037707172,-0.010180948013651485
-0.0070567274759233,-0.0013220734,-0.005734654079627991
0.0761082548827678,0.07568084,0.0004274178475886653
0.0890303729045238,0.07959073,0.009439642535432766
0.0252672096048333,0.02252416,0.002743050203178103
0.0260129162523114,0.0172587,0.008754216268953018
-0.0380522190319151,-0.030825607,-0.007226611553296479
0.015906221923637,0.015101293,0.000804928821730222
0.0274967245927804,0.027545461,-4.873683836526671e-05
0.0514014692942645,0.054794766,-0.0033932967145894125
0.0376330346396941,0.04037993,-0.0027468956479054646
0.0580014103775248,0.046887416,0.011113993984960026
0.009202449023218,0.0024565537,0.006745895277203167
-0.002292393351216,0.0021645324,-0.00445692578168599
0.0362614130287282,0.03197956,0.004281852176677418
0.0386301594934858,0.037520032,0.001110127117434849
-0.0229132907351178,-0.017960357,-0.004952934186689264
0.0443957733452736,0.048366625,-0.003970851516682042
0.0693980916975744,0.06875735,0.0006407439349897098
-0.0332449176389809,-0.038825385,0.005580467633521997
0.0201371658424457,0.007774056,0.012363109907003251
0.0545905980164999,0.05475004,-0.00015944215703067588
0.0495980142937438,0.049404692,0.00019332238896055398
0.0874464899372126,0.08203737,0.005409123010542527
-0.0451637101273005,-0.037178803,-0.007984906892008065
0.0389967190076972,0.04166371,-0.0026669910202359176
0.042376978884762,0.038141,0.004235977868860437
-0.0414084155280722,-0.028355923,-0.013052492978109204
0.0713260817837875,0.06935999,0.0019660938096206365
0.0110895329420719,0.0067091375,0.004380395476267085
-0.001708201536682,-0.011624314,0.00991611235425199
0.0258459728316662,0.018391224,0.007454749207317559
0.0831452345037861,0.07737232,0.0057729145074291305
-0.0264766688327737,-0.018999707,-0.007476961879009737
0.0456372601814321,0.03987139,0.00576586927247557
-0.0124413986727682,-0.013210813,0.0007694139107975121
-0.0278886845379556,-0.019400198,-0.008488486525365192
-0.0189997586890795,-0.015524078,-0.003475680528555132
0.0307847090487998,0.040887747,-0.010103037911124896
0.0165727006972466,0.020219373,-0.00364667188816924
0.0510237055894756,0.051029313,-5.607766208677589e-06
0.039877915523236,0.04022817,-0.0003502538881848191
0.046701466995854,0.049790483,-0.0030890159722379643
0.0306884128978865,0.033274923,-0.002586509622035757
0.044449675011106,0.044007827,0.0004418484146075097
-0.0322021198535887,-0.025867118,-0.006335002284738184
0.0039805946901803,0.006211076,-0.002230481241607191
0.0456540200066357,0.038515046,0.0071389737677364715
0.0299553851619164,0.029250905,0.0007044802441994215
0.0769685529268603,0.07203242,0.004936131099544022
-0.0454558402764886,-0.036554646,-0.008901194529542265
-0.0380945401373841,-0.04768228,0.009587741446163492
-0.0110547896110014,-0.020837955,0.009783165565828892
0.0067046978901661,0.006944341,-0.00023964322921270556
-0.0127704964355591,-0.0033902612,-0.009380235230645842
-0.0332548532362939,-0.041096445,0.00784159193673123
-0.0196644072738803,-0.021448769,0.0017843614014470023
0.0765014619596755,0.069500715,0.007000747419193931
0.0495999043816886,0.048192862,0.0014070419604144124
-0.0478240258197721,-0.047715742,-0.00010828367876371953
0.0285187129138311,0.030622914,-0.00210420151964821
0.0176544775395207,-0.006987267,0.024641744713347395
0.0173359739187502,0.005128609,0.012207364902212532
0.0643933053098722,0.058233995,0.006159310319284961
0.0760736994503043,0.064699374,0.011374325310995373
-0.0287859932157689,-0.031537727,0.002751733305723106
0.0033575542117055,0.004510889,-0.0011533346181218087
0.0140187644584643,0.0332607,-0.019241934903098428
0.0267099746800083,-0.0035002963,0.030210270948620447
-0.0324221385321221,-0.016787345,-0.015634793942292655
0.0729614409306662,0.07167301,0.0012884276607649237
-0.0411728002993923,-0.019372828,-0.02179997199462469
0.0123577922778879,0.004911234,0.007446558141217072
-0.04862098892129,-0.0312095,-0.017411488414769728
-0.0071731944046734,0.0007501268,-0.007923321187478127
-0.0006533768165451,0.000115876464,-0.0007692532809511284
-0.0109270217246054,-0.012899027,0.0019720054813982656
0.0611034344934445,0.06679266,-0.005689224968053762
-0.0070585095640819,0.0047940267,-0.011852536289076083
0.0116439270595448,0.009638648,0.0020052795106904487
0.0582698933451659,0.055252336,0.0030175573795325067
-0.0125857634972897,-0.013536071,0.0009503079075250196
0.0022074625928068,-0.001612413,0.003819875568907841
0.0947217906467639,0.09239179,0.0023300016872607326
-8.85530977548152e-05,-0.002927058,0.0028385048129557578
0.026496290579386,0.02550444,0.0009918505101873913
0.0698097570549155,0.06310001,0.006709746898284033
0.0600251292687037,0.059302732,0.000722396920261624
0.0506009145782766,0.053934284,-0.0033333689762773885
0.0388765806578631,0.04098474,-0.002108157960272354
-0.0132429009830866,0.0011455806,-0.014388481533742323
-0.0086856261279355,-0.017212436,0.008526809475206284
-0.0309221073874624,-0.021961909,-0.008960198599973462
0.0093151052248922,-0.00090143346,0.01021653868949756
-0.0297292039621932,-0.01837299,-0.01135621377121038
0.0555607994776951,0.058685485,-0.003124685795904525
0.0114630760915289,0.015071357,-0.0036082805775394366
0.0542059502127987,0.059352137,-0.0051461869355815815
0.0457771094663786,0.05128517,-0.005508060552294344
0.0001386395272049,0.0074807233,-0.007342083790507646
0.0319276317520458,0.02768338,0.004244252623470474
0.0400340600427072,0.03743984,0.002594218265620944
0.0180113842158997,0.018887307,-0.0008759232789790697
-0.0431240631795558,-0.016804233,-0.026319829986158276
-0.060451689709738,-0.041295767,-0.019155922879293664
0.0366363920165717,0.039012212,-0.0023758202896893635
0.004163125259324,0.007980421,-0.0038172959261694693
0.0559521050463631,0.055581078,0.00037102711305164043
0.0124873418765946,0.005515362,0.00697197974052864
-0.001619644954969,-0.0069556953,0.00533605038357823
0.0681265857035239,0.062984206,0.005142379921110413
0.0499743764877755,0.04958357,0.0003908073187310068
0.0860154428081427,0.08760946,-0.0015940196318711825
-0.0279203496875412,-0.023149647,-0.004770702868903354
0.0508544208425491,0.05321741,-0.0023629901987106683
0.0213125396567362,0.025347542,-0.004035002360962089
0.049218876777786,0.049651526,-0.00043264913688303985
0.0301871666627274,0.012868306,0.017318860994492574
0.0019073968159516,-0.0023933952,0.00430079199024631
-0.0182338367566346,-0.0152216945,-0.003012142272281533
-0.0476417504137365,-0.047141183,-0.0005005672460405008
0.0488799610591926,0.04790841,0.000971550629238073
-0.0093648986896249,-0.008881456,-0.0004834424709650228
0.0497840705395108,0.0483524,0.0014316688359146817
0.0285139289474241,0.029103134,-0.0005892048800237928
0.0003858864264452,0.0024253866,-0.002039500143948839
-0.018424661716632,-0.02347091,0.005046248549409757
0.0860412443433885,0.08213408,0.003907161429989758
0.0010236794215722,-0.007335621,0.008359300353853218
0.0389730333289562,0.040965367,-0.0019923337796272506
-0.0289203770160723,-0.016809015,-0.012111362412576702
-0.0224320339840649,-0.013420727,-0.009011306880116306
0.0455175326643108,0.04622014,-0.0007026060047031768
0.0348830029390756,0.04264288,-0.007759877292066446
0.0593698390491813,0.062604,-0.003234163605371161
-0.0320520460908881,-0.03892374,0.006871694296074787
0.0634296013827861,0.060448848,0.0029807536716998234
0.0221354735814721,0.028456338,-0.006320864168485939
0.0837856097238176,0.0821878,0.0015978081243150366
0.0904176548190168,0.0916417,-0.0012240469388910685
-0.0067033803435513,-0.0069211456,0.0002177652557841317
0.044368060940854,0.050185956,-0.005817895120032383
0.0619236892051557,0.06378996,-0.001866274517073302
-0.0248884737414265,-0.030809393,0.005920919411168065
-0.0036495231783546,0.012559125,-0.01620864837826858
0.0159949945620116,0.009924647,0.006070347163718581
0.0186454965306648,0.009196527,0.009448969228399634
0.0852163337882249,0.081547305,0.0036690288003174837
0.00641119167213,0.0045999573,0.0018112344108954783
-0.0279703585198559,-0.04225432,0.014283962757285672
-0.0164608016476347,-0.021769956,0.00530915410664539
-0.0186693186996593,-0.013599342,-0.005069976964415503
0.0029495222974248,0.0014894989,0.0014600234120763608
-0.035442768408829,-0.02524797,-0.01019479781287315
0.028862083366835,0.02694413,0.0019179527077316065
-0.0047743151918129,0.0016617577,-0.00643607289754608
0.0402077475244336,0.031638328,0.008569419538431634
-0.0494340388650462,-0.03440563,-0.015028408783154187
0.0230359978603926,0.029458532,-0.006422534249464006
-0.0457192447374349,-0.022860143,-0.02285910140376142
0.0622684716822673,0.057918534,0.004349937999444116
0.027134428634817,0.018045325,0.009089103802615996
-0.0127970055551527,-0.016645232,0.0038482266603710198
0.0187204084950892,0.03046026,-0.011739852313378665
0.0259264628904906,0.030150466,-0.0042240027767571735
-0.0061779508566557,0.003200408,-0.009378358927935225
0.0511161394134209,0.044156097,0.006960042537753328
0.0391064256405438,0.04239672,-0.003290294858256479
-0.0262990166105077,-0.027772158,0.0014731417738154187
0.0531139750149404,0.049678087,0.0034358877804433266
0.0172073707609211,0.021433009,-0.004225638073798558
-0.016578555186659,-0.013388226,-0.003190329377919337
0.0994107632196425,0.093376696,0.006034067109870769
0.0064027704071041,0.01093307,-0.004530300036466514
0.0335869123704399,0.03329913,0.00028778291415823554
0.0219743621150217,0.024153104,-0.0021787419369258924
0.0695135213165864,0.069629885,-0.00011636393970403114
0.033187834059573,0.029553892,0.003633941968656365
-0.0208904837343669,-0.004018949,-0.016871534855273967
0.0463789585768207,0.052254174,-0.005875215327836664
0.0167333354369419,0.00823896,0.008494375379444877
0.0934347057307112,0.0926471,0.000787607725893244
0.0308679863837238,0.027231704,0.0036362819400306383
0.0359370963528392,0.038069315,-0.002132218901849066
-0.0100679357684231,-0.0052132607,-0.004854675117788334
0.0730643824497379,0.06929105,0.003773334697834363
0.0010357044432237,-0.0035273745,0.0045630789156927915
0.0773802581124529,0.07402611,0.003354150324366964
0.0516249507481124,0.04747188,0.0041530698353316395
-0.0186557518315215,-0.0034783706,-0.015177381224622238
0.0168841396328381,0.010047965,0.006836174881117672
0.0735709974132014,0.0685368,0.005034194286866259
-0.0443440603294347,-0.038581926,-0.005762133953807182
-0.0317919891160533,-0.006371639,-0.025420349912773088
-0.0200191038769698,-0.0073870667,-0.01263203715132831
0.0254196087783902,0.030395225,-0.004975615912047118
0.0377170259812927,0.035240836,0.002476189539775825
2.49373310694044e-05,-0.0008395385,0.0008644758540654128
0.043220733209117,0.04624651,-0.00302577678991979
0.0613470105230915,0.067920566,-0.006573555082072073
0.060083962428253,0.049520995,0.01056296696035177
-0.0099885431614614,-0.013577206,0.003588662898828936
-0.0257806049495814,-0.025908677,0.00012807195783875666
0.0271716223646656,0.0313712,-0.004199576229904561
0.0118375960934348,0.008755728,0.0030818684223480122
0.0190417605140343,0.010396277,0.008645483913375406
0.0300049994511187,0.025080567,0.004924432225304833
-0.0114673842296989,-0.017608799,0.006141414810618636
-0.0236926309839083,-0.00920042,-0.014492210753281241
0.0227570574405304,0.011402341,0.011354716834675413
0.053988489160119,0.049186923,0.004801566550312941
0.0037878055445268,-0.0035353943,0.007323199868516549
-0.0435837297503715,-0.033295818,-0.010287912077165173
0.0435291261207909,0.005151019,0.03837810715480155
0.0322259401926329,0.031557787,0.0006681529828836755
-0.0253347109540286,-0.019999806,-0.005334905116158955
0.0519634062569101,0.0462376,0.005725807152267233
-0.0348947384460643,-0.026772223,-0.008122515033073728
-0.0124282416845099,0.0032406652,-0.01566890687256911
-0.0300889286868925,-0.018677823,-0.011411105441367139
-0.0486053707017632,-0.037591558,-0.01101381275198178
0.0589633936248068,0.058498323,0.0004650706610921998
0.0154866908745029,0.01431205,0.0011746405691959883
0.0413559270350942,0.025963638,0.015392289057255683
0.0472143557645672,0.046337653,0.0008767028130882426
0.0412625449332039,0.038121685,0.0031408595474998607
0.0317227027874157,0.020308785,0.011413917646901327
-0.0474426374848355,-0.0363346,-0.011108037185238714
0.0463785379827991,0.04002685,0.006351686984397462
0.0029665464464081,-0.0017309526,0.004697499091128774
0.0455690998852984,0.045757025,-0.00018792559497198685
-0.0128934352189752,-0.011823251,-0.0010701843068453218
-0.0477802074797394,-0.047346942,-0.0004332653529884531
0.0465134692670962,0.047409356,-0.0008958863733151759
0.0353238631907856,0.03531406,9.802443162156005e-06
-0.0482954667440698,-0.044708457,-0.0035870098999783856
-0.0435585478726468,-0.04907132,0.0055127715286173926
0.0502462606575891,0.05160843,-0.001362167701442575
0.0465374900506448,0.04378659,0.0027509009943913684
-0.0644903593388771,-0.044929683,-0.019560676130411528
-0.0286196499255386,-0.019875605,-0.008744045266219677
0.0569989907940236,0.05464725,0.002351742555698484
0.0995061945450986,0.09554855,0.003957646740742976
-0.0160698326019202,-0.016094739,2.4906015619205468e-05
0.0692195586959356,0.06534064,0.003878920535230035
-0.022716987729128,-0.03872777,0.016010783761684303
-0.0133001238125528,-0.009185854,-0.004114269466992726
0.0037789396193386,-0.0025162878,0.006295227463966695
0.0391897347299681,0.028712368,0.010477367091022517
0.001131604076046,-0.0014569658,0.0025885698848026493
0.059035203854418,0.056884848,0.002150356273031437
0.0639344799077727,0.06928238,-0.005347902818896605
0.0913479064392133,0.0791711,0.012176807670502207
-0.0062713771218247,-0.0007587526,-0.005512624545749206
0.041187584862127,0.03138469,0.009802893266095812
0.0710473009906682,0.071484596,-0.0004372945465174749
0.0065020492133773,0.0046595256,0.001842523628947798
0.0201747476817158,0.0073052123,0.012869535362818554
0.0148804322017331,0.014986837,-0.00010640508104373288
0.0781187497412958,0.07384849,0.004270256344059933
-0.0749232772855294,-0.03314276,-0.04178051688952568
0.0609598602680876,0.05278594,0.008173919799776289
0.06178769740569,0.06030638,0.0014813159714878038
0.0171716683756463,0.01655983,0.0006118384402148194
0.0455639214165622,0.041930474,0.0036334470756465218
0.0510462894162733,0.048541553,0.0025047360977727834
0.0134724130458655,0.000753011,0.01271940207346251
0.0368353736017065,0.031476784,0.005358589104207036
0.0081896978863506,0.012636641,-0.004446943154093774
0.0219040383181862,0.0069033247,0.015000713576316035
-0.0371101896300373,-0.049384218,0.0122740280792656
-0.0168305844844773,-0.017116861,0.0002862769334122939
-0.0348650658785119,-0.046172213,0.011307146930812362
-0.0189489878798378,-0.0091762645,-0.009772723362828542
-0.0421519730950952,-0.029061567,-0.013090406056797545
-0.0108327606103617,-0.011656821,0.0008240601637166684
-0.0345464764984958,-0.037968323,0.0034218461362011607
-0.0577411566685705,-0.0461437,-0.011597457231190662
-0.0525163987531328,-0.026272919,-0.026243479724135377
0.0355882344195707,0.04217298,-0.006584745143903954
-0.0451121464709335,-0.034539767,-0.010572379861264768
0.0061572525925801,0.008493794,-0.0023365415357186597
0.0338804883306319,0.02932476,0.0045557276701027605
-0.0360447818627787,-0.027993796,-0.00805098546950344
0.0541732365193061,0.055069987,-0.0008967502115078824
-0.022702574528667,-0.040419273,0.01771669854977462
-0.0079630985500825,-0.002654197,-0.005308901622758563
0.0266263812800338,0.027308447,-0.0006820660064528264
-0.0212242555860599,-0.002702325,-0.018521930702047558
-0.0279173396804754,-0.026177479,-0.0017398607262794248
-0.0215743800680604,-0.03373057,0.012156190158847328
-0.05328809943722,-0.030274093,-0.023014006286127472
-0.0414754349381474,-0.029398,-0.0120774350703505
0.0709387288201397,0.06671555,0.004223175417239003
-0.0192095236030045,-0.026963627,0.007754103362875894
0.0663806458870015,0.05871994,0.007660705403431403
0.032380779205951,0.026335508,0.006045271574649118
0.0592497381437737,0.028531944,0.030717793764563225
0.0363881942621678,0.032694947,0.003693247287651885
-0.0151033845578116,-0.00015226478,-0.01495111977791233
0.0549379089197369,0.047194548,0.007743360968515432
0.0161897698576098,0.012192793,0.00399697666713052
-0.0431768006262547,-0.031114718,-0.012062082680798197
0.0673741674480942,0.054189477,0.013184690332224677
0.0247682823834083,0.019589994,0.005178288280691855
-0.0187523974173745,-0.034689203,0.015936805487326733
0.0281054032194553,0.029294653,-0.0011892496448816688
0.0351593228195699,0.02054925,0.014610072052934957
-0.0545076046655952,-0.032524295,-0.021983309514361525
-0.0395941942226921,-0.04624871,0.00665451742291108
0.0673911081787061,0.06676973,0.0006213816042851678
0.0138932329060872,0.03086674,-0.01697350736536189
-0.0019871217412163,-0.010163739,0.008176617582399728
-0.0084326683010654,0.00039780902,-0.008830477325499938
0.0251059802782912,0.03291856,-0.00781258097168019
0.0479370969178504,0.05002709,-0.0020899941382580764
0.071702176498902,0.07006132,0.0016408579225660885
-0.0028843433647545,-0.0028860786,1.735188519773681e-06
0.028232259145282,0.017154312,0.011077947384021968
0.0123371259070583,0.0031882238,0.009148902096191826
0.031108057533497,0.025040653,0.006067404930586006
-0.0419632201954758,-0.023322502,-0.018640718044344168
0.039098452573197,0.032295253,0.006803199445383663
0.0661928842669068,0.07383346,-0.007640573858684482
-0.0331747567586652,-0.02584768,-0.0073270758919469076
-0.0108800597201031,-0.012207358,0.0013272984241205904
0.0259504297873241,0.025402801,0.0005476286759835761
-0.0276807426261877,-0.046429727,0.018748984600308043
-0.0388828088858491,-0.048319146,0.009436337151252645
-0.0261423433555278,-0.0379006,0.011758257226833421
0.0514292696036725,0.040530663,0.010898606620016571
0.0584232861948186,0.05498476,0.003438526655452828
0.0273140335664316,0.028459463,-0.0011454297020868469
0.0328255796478532,0.036608364,-0.0037827847851969534
0.0437306042094339,0.030796219,0.012934385545979844
-0.0086509121432038,-0.012040486,0.003389573484745438
-0.0487540557496967,-0.045023926,-0.0037301301472606324
0.0191418945672309,0.020968236,-0.001826341461917201
0.0001877875150849,0.0030858507,-0.0028980632229040487
0.0025878247353264,0.00079127454,0.0017965502003223503
0.028870543444887,0.02786358,0.0010069627113493268
0.0304519745255969,0.03329132,-0.0028393467222191868
-0.0399453045793236,-0.032571454,-0.0073738509782016945
0.0233103039515458,0.024132824,-0.0008225196200169656
0.0195472364960324,0.020786053,-0.0012388160737145729
-0.0221629173094797,-0.024164671,0.0020017537688446184
0.05259406581598,0.04894503,0.003649037481123968
0.0127853563040716,0.0021272441,0.010658112166844065
0.0046427614772823,-0.0041055423,0.008748303798040404
0.0268285768466134,0.017914308,0.008914268611564153
0.0335143850026579,0.025670905,0.007843480336472523
-0.0171128321624699,-0.01269871,-0.004414122197717703
0.0639729936381965,0.060082655,0.003890338238158736
-0.0025306632506205,0.004509061,-0.007039724359895126
0.0549258178446213,0.056960065,-0.0020342470731815124
0.0025381263916193,0.0077261543,-0.005188027898520376
0.0530152022573216,0.041865133,0.011150069508240941
0.0257687193716209,0.029957553,-0.0041888340001661716
0.0090437189985974,0.0070911963,0.0019525227447016406
0.05819713058763,0.06394972,-0.005752588483758245
0.0365331308736774,0.007199912,0.029333219007340337
0.0235848848974083,0.023242958,0.00034192700737457893
0.0974132037287049,0.0951709,0.0022423035030655625
0.0389906586776873,0.04604162,-0.007050960354934084
0.0353474367822621,0.03925055,-0.0039031121467139607
-0.0347147340420792,-0.03922515,0.004510415857641947
0.0243131547172132,0.030634036,-0.0063208815704521686
-0.0469438594421973,-0.04626402,-0.0006798405787577372
-0.0253735614541218,-0.02910489,0.0037313288477018175
0.0500700918732279,0.037344933,0.012725159317075553
0.0493885086197477,0.056280326,-0.006891817478455957
0.0049302124103609,0.009681753,-0.004751540472536953
0.0587286866941235,0.061237328,-0.002508641060374031
0.0166468030046712,0.02578077,-0.009133967922996419
0.0105414526929961,0.0069409106,0.0036005421003208905
0.0016264260573937,0.005993756,-0.004367329942558854
0.006034457019399,-0.005802556,0.011837012960444284
-0.0227000001599356,-0.015195759,-0.007504241146640427
-0.0297475851252803,-0.024146393,-0.0056011921838053855
0.058619963811676,0.05478438,0.003835583912174201
0.0126739665537611,0.016446434,-0.0037724674076303494
0.0471921325156913,0.043766797,0.003425335926793595
0.0034739731018825,0.00055665144,0.0029173216572424892
0.0590606795927439,0.059408303,-0.0003476237574662894
0.0401136711120992,0.028991723,0.011121947678962261
0.0012010289720483,0.010542016,-0.009340986573021872
0.0106956121216617,0.02490346,-0.01420784735278269
0.0105222018407569,0.010714711,-0.00019250884932421955
-0.0146079791790421,-0.013793745,-0.000814234100895643
0.0336476328346797,0.028911352,0.004736280677086924
-0.0331060650683049,-0.019177854,-0.013928211007178191
-0.0237579900339733,-0.02653742,0.0027794301941503653
-0.0243545981938181,-0.016364885,-0.00798971269970513
-0.0474427672601946,-0.040047534,-0.007395233450055896
-0.0150962257540205,0.0021902728,-0.017286498543469
-0.0046142724137042,0.007846132,-0.012460404334518714
-0.0002777779743699,-0.005892703,0.0056149248696240025
0.0874075810162403,0.087822914,-0.0004153331072948574
-0.0306614590911395,-0.013720682,-0.016940777200294202
-0.0290510786131954,-0.006534445,-0.022516633513662797
0.102194686895183,0.10358125,-0.001386562818714701
0.0183822434117164,0.014780961,0.003601282434638916
0.0541895031121165,0.06427327,-0.010083764872273762
0.008350776541568,0.00770529,0.0006454866710674349
0.0361826297948849,0.023236131,0.012946498499323111
0.0288665460275551,0.028837122,2.9424004449479096e-05
0.0455796537233391,0.045293216,0.0002864380610981196
0.006475714602171,-0.0140908705,0.020566585109232483
0.0359295843613059,0.03747556,-0.0015459754991620084
0.0399339477447049,0.043526713,-0.0035927650603278308
0.0728316957749033,0.06731848,0.005513219038357733
0.0307030894686663,0.027247427,0.00345566243726848
-0.0274280447971763,-0.03345855,0.006030504732137742
-0.0161903935651227,-0.016744364,0.0005539704878882411
0.0045148155951723,0.0036211275,0.0008936881387456791
-0.0235101360320283,-0.020390224,-0.0031199123202992514
0.0045389639707718,0.008767665,-0.00422870139307641
0.0121896048465799,0.011667477,0.0005221278796027802
0.0314121172734137,0.034986325,-0.0035742073349122605
0.0149729004503733,0.016428811,-0.0014559110252612747
0.000236612678458,-0.0011044636,0.001341076268767024
0.0609345933444689,0.057814267,0.0031203268118093694
0.0351684667119121,0.030298555,0.004869911442074722
0.0188788587311549,0.018401127,0.00047773142254779744
-0.0374584659413548,-0.05007508,0.012616614304378458
0.0200211993049537,0.012228528,0.007792671267286427
-0.0117053437921996,-0.008979913,-0.002725430944919097
-0.051019911942531,-0.034278862,-0.016741049764205346
-0.0233872413246797,-0.02645442,0.003067179435594234
0.0505590243914685,0.05101938,-0.0004603573402800834
0.0216561026161047,0.016557427,0.005098675492915726
0.000603878156169,0.0049890904,-0.004385212219433245
0.0933279696065476,0.08726833,0.0060596394497444694
-0.005146635229113,-0.004625139,-0.0005214964024447379
0.0129626864888872,0.008268768,0.004693918521067033
0.0450260594736448,0.04577229,-0.0007462322462686855
-0.0313678301968181,-0.036403272,0.005035442104140531
0.0268768500439799,0.018215919,0.00866093113049628
0.0057815327735502,-0.002557772,0.008339304752450037
0.0468684062125752,0.038665246,0.008203159994132285
0.0926574162329771,0.077842556,0.014814860292825888
0.0988392089771726,0.10115058,-0.0023113707733652678
0.0502585086609885,0.04859353,0.001664980092243841
0.0318433811506863,0.03936325,-0.0075198689856891265
-0.0087116413528281,-0.0025116534,-0.006199988002161934
0.0492786873667962,0.048006322,0.0012723651319271959
0.0644470707452368,0.057318196,0.007128875044591351
0.0511381273617089,0.032096427,0.019041700427705067
-0.0497679554098385,-0.031117383,-0.018650572019173445
-0.0397320789126236,-0.018483514,-0.021248564946420863
0.0527736434890696,0.044904023,0.007869620080179829
-0.0485265218717272,-0.030086722,-0.01843979964677641
0.0513611897348896,0.047880825,0.0034803650795951838
0.0796319696964894,0.07646337,0.003168598181215357
-0.0363190199101155,-0.024834089,-0.011484930928963917
0.0698647972466918,0.06819028,0.0016745206239195815
0.0553474891727752,0.05992017,-0.0045726802403145556
0.0667133142469077,0.063630626,0.0030826886413245075
0.059988567164385,0.045937978,0.014050589433157123
-0.0272161642768188,-0.03630399,0.009087825312395523
0.0354848375931838,0.038453147,-0.002968309222116189
-0.0025866809380454,0.004359979,-0.006946660120527166
0.0449578027265556,0.040831957,0.004125845714140666
-0.0361674406523354,-0.031630076,-0.004537364184344528
6.68738664075071e-05,0.023204817,-0.023137942638905413
0.035643949485296,0.03516364,0.00048030850934385055
0.0435381782498098,0.04591279,-0.002374612793710172
0.0693597922718661,0.06571651,0.003643279770626326
0.0117970105810788,0.0077847936,0.004012216962012323
-0.02272667279614,-0.035127033,0.012400359752049162
-0.00613006242083,-0.010057003,0.003926940816477072
-0.0240213954704807,-0.015997611,-0.008023784484247943
0.050355787591136,0.04963744,0.000718346999085448
-0.0410799778378763,-0.038401097,-0.002678880778626422
-0.0453443569898651,-0.047288194,0.0019438373088790997
0.0680080078549556,0.05516472,0.012843286991851735
0.0246187628012144,0.014257956,0.010360806505008879
0.0358890394032479,0.025664771,0.010224268427538936
0.083412528178073,0.078488514,0.004924014350749087
0.0456712852686178,0.041478038,0.00419324743445032
0.0346714932809722,0.044517133,-0.009845640103970807
0.0600472878977393,0.05965989,0.0003873970672224822
0.0421003669069687,0.039976977,0.002123390095082868
0.0518948617587195,0.052042983,-0.0001481217136277621
0.0352018359959639,0.036887944,-0.0016861077486955214
0.0319756226658017,0.028948154,0.003027468365350422
-0.0283106668415816,-0.03749507,0.009184402364179355
0.0557010217404078,0.055612877,8.814472910866761e-05
-0.0028251319701882,-0.0077388454,0.00491371345267576
0.0088586153692626,0.0011758986,0.007682716776343489
0.0272987056777884,0.027072832,0.00022587368945374553
0.0575840370181,0.060341,-0.0027569635388458025
-0.0067576868763493,-0.0010002641,-0.005757422798901945
0.0222075357355762,0.029848056,-0.007640520178468179
0.0231907435561583,0.034737103,-0.011546359131200556
0.0822502568029313,0.077904716,0.0043455406688599485
0.0668473807596942,0.06759038,-0.0007429974651555066
-0.051212681432661,-0.04370619,-0.007506491591628972
-0.0162852825759994,-0.004548933,-0.011736349684660335
0.0240773196787892,-0.00091403496,0.02499135463632104
-0.0159579263833439,-0.0118588125,-0.004099113850024903
0.0594724276754606,0.05829433,0.0011780978831994748
-0.0006905399920282,-0.006163811,0.005473270853436268
0.0387478143317794,0.043158885,-0.004411070759763797
0.0015283736220516,0.0035560643,-0.0020276907079898087
0.0525017623476715,0.054103643,-0.001601880354431158
0.008597125725102,0.013673358,-0.005076231940436788
0.0684797590207493,0.06470362,0.00377613805050013
0.0178633746177785,0.023863615,-0.006000240850365917
0.052122710195738,0.044586573,0.007536137399631659
0.0271365164095819,0.0021327948,0.025003721589809656
0.0242173395741066,0.013354446,0.010862893766470816
0.0270298391758378,0.033667993,-0.006638153624636368
0.063241083297102,0.060680408,0.002560675266353632
0.0426495613742064,0.036270157,0.006379404871482704
0.0183960083992765,0.017801259,0.0005947496862695259
-0.0427915626587912,-0.025114888,-0.017676674333457605
-0.0111219328582444,-0.0081245,-0.0029974332764901926
0.0465937829211001,0.05413162,-0.007537836711144011
-0.0307102277580139,-0.026141653,-0.004568574920618233
-0.0397026543490627,-0.03590087,-0.003801785873625535
-0.0175281529374536,-0.03540469,0.017876536672550826
0.0127526240083571,0.012502866,0.0002497581425304936
-0.005121025045298,-0.015064997,0.009943971621908288
-0.0034276702394975,-0.0067601884,0.0033325181388961502
0.054216259899504,0.054198254,1.8005999691303454e-05
0.0607337209153706,0.056053266,0.00468045498614849
0.0265277456313252,0.039859306,-0.013331560435903118
0.0634940648144275,0.060658436,0.0028356285458594616
0.0327521438051174,0.031785253,0.0009668903697440945
0.0909209126649727,0.08836484,0.0025560731111396867
0.0360224180726709,0.030555984,0.0054664340673389045
0.0251352990920285,0.024783188,0.0003521106148699528
0.0343035659773088,0.030324943,0.003978622613642263
-0.0083619821382543,-0.00056814915,-0.007793832992561714
0.0050008790686946,-0.0035688628,0.008569741866387018
0.0514485227821475,0.024645733,0.026802790066421604
0.0578111549502474,0.060190793,-0.00237963817657412
0.063236923092479,0.06483873,-0.0016018067063147956
-0.0400401415595822,-0.040086396,4.6254478950055744e-05
-0.0386765836142913,-0.041534543,0.002857959423123252
-0.0421635235957862,-0.042299133,0.0001356091983555699
-0.0214186584121447,-0.01894651,-0.002472148603842775
0.0098605684135227,0.0090484945,0.000812073903170089
0.0020604849940864,-0.0012734487,0.0033339336895150695
0.0097826906196107,0.002185487,0.007597203664042505
-0.0102834184944758,-0.022674425,0.012391006079303307
-0.0003010120373381,-0.0061677624,0.005866750409810461
-0.0189688127001837,-0.026179122,0.007210309107033897
-0.0087743147775305,0.0007432865,-0.009517601287062982
0.0454484448452519,0.045323268,0.00012517726617322644
0.0857704038000381,0.082579285,0.003191118893650771
0.0774756819423624,0.08195094,-0.004475258249383357
0.0042109743490522,0.0060223793,-0.0018114049189085872
-0.0179167376598248,-0.020773664,0.002856926457034635
0.0606516934924923,0.062341094,-0.0016894005245365051
-0.0122585036922004,-0.01079785,-0.0014606538358833566
0.0918713226387385,0.08430035,0.007570975966203555
0.010401524111643,0.01861293,-0.008211406439528304
0.0165721020983931,0.019214235,-0.002642133147788387
0.0679843037115992,0.065345995,0.0026383085834444514
0.0688618439098172,0.065077506,0.003784337904053192
0.0619978665682819,0.058710366,0.0032875000807788476
-0.0100582102839196,-0.019981494,0.009923283889487955
0.0189371090503089,0.017768798,0.0011683106543175746
0.0016714612582772,-0.0015315418,0.0032030030714421493
0.0484248850220655,0.048284993,0.00013989244642005627
0.0076097782692772,0.021471554,-0.013861776144160644
0.0044560231183217,0.0050461404,-0.0005901172842337661
0.0252098987769443,0.01734906,0.007860838152106423
-0.0224698650357846,-0.034325458,0.011855593073594215
-0.0399043271745393,-0.04678333,0.006879004607086445
0.0220062433915864,0.024245603,-0.0022393596184720026
-0.0067287930554447,-0.0025832374,-0.004145555690556509
0.0036124721891716,0.0048173405,-0.0012048683338329318
0.0108057201142154,0.0061343242,0.004671395872785833
-0.0428838518314542,-0.031499874,-0.011383977984684865
0.0803861584745566,0.077851124,0.0025350343667189246
0.0279441183458683,0.027076477,0.000867641160976599
-0.0172818718164036,-0.012671313,-0.004610558567828868
0.0106985749042056,0.0013336946,0.009364880348408917
-0.023975171929563,-0.028980047,0.005004874581133412
-0.0346062993994093,-0.028176997,-0.006429302542481426
0.0748813817595038,0.07091536,0.003966025481084309
0.0434033375197032,0.045499537,-0.0020961996204277994
0.0686328040998378,0.063173234,0.005459569637099759
-0.0460878736491797,-0.04699479,0.0009069167856576438
0.0159725512152957,0.029840622,-0.0138680708819581
-0.0174257459803454,-0.008989278,-0.008436467753254566
0.0050944461572101,-0.0036979562,0.008792402370937693
-0.0390690130588629,-0.030023227,-0.009045786544404244
-0.0450904875848162,-0.03196187,-0.013128618136392815
0.0140142462452238,0.023336835,-0.009322588960331162
0.0742324791850798,0.07920676,-0.004974278062368165
-0.0385930586435985,-0.03956188,0.0009688202462006176
0.0511441975515887,0.048731543,0.0024126544278666243
0.0125582134450289,0.018979417,-0.0064212037151244895
0.0809718901640092,0.07980071,0.0011711800819550616
0.0453164245928039,0.049681865,-0.0043654400860558135
-0.0285269647505898,-0.027775964,-0.0007510009822268016
0.0628503172070174,0.061142664,0.0017076528042940936
0.074753573664854,0.07199589,0.0027576820342044284
0.0683133401284866,0.06545392,0.0028594233403854002
-0.0373213950952801,-0.021439048,-0.015882347564986632
0.0483973291603598,0.05103465,-0.0026373225363221786
0.066091881317175,0.06140662,0.004685261470354168
0.0190055908023008,0.012091808,0.0069137827812322285
-0.0072787855955611,-0.0069589214,-0.0003198641556154021
-0.0211909239787996,-0.008277382,-0.012913542208486815
0.0170609696182274,0.015960043,0.0011009263220094802
0.061455031351678,0.058485415,0.0029696165188475704
0.0325524379495901,0.027732909,0.004819529223851572
0.0557251127814958,0.05478909,0.0009360241150567425
0.0067185193960399,0.0067125717,5.947678241189844e-06
-0.0032135765849711,0.0037983507,-0.007011927276766449
-0.0392637884150639,-0.033105753,-0.006158035052885098
0.0721418322730845,0.07208365,5.818025358376999e-05
-0.0103074486297298,-0.015355427,0.005047978188402601
0.047330326356841,0.026670627,0.020659699060870083
0.0439178546565325,0.041207585,0.0027102691727430572
0.0524124783864813,0.057462208,-0.005049729586522091
-0.0120252385053048,0.005524691,-0.017549929699600682
-0.0116340836377198,0.0043758904,-0.016009974000727584
-0.0442044388802816,-0.048600946,0.004396506741447294
-0.0374987873783042,-0.024025166,-0.013473620971076683
0.0433887562491553,0.04703264,-0.0036438831351144133
0.0473385461230383,0.039318167,0.008020379449854856
-0.0165840902895493,-0.012802253,-0.0037818377435965035
-0.0377018045064213,-0.032674205,-0.00502759994828722
0.0206679655743639,0.022481404,-0.0018134386705358496
0.0274483539905175,0.019382508,0.008065845518909338
0.0421078216182009,0.04125481,0.0008530106292978512
-0.0256689508701785,-0.016053913,-0.00961503770901994
-0.0421668454752233,-0.044871073,0.0027042277409765753
0.0096046790856638,-0.011686994,0.021291672848514562
-0.0033441069217178,0.017642679,-0.020986785614654696
0.0570379013051606,0.056892455,0.00014544668098457475
0.0617579983082434,0.0587578,0.0030001976993700302
0.0641244807108554,0.06707353,-0.002949050737985695
0.0440963626474679,0.04610666,-0.0020102962284743314
0.0173454698943609,0.021559604,-0.00421413361792624
0.0007961946114656,-0.0014896633,0.002285857875248459
0.0670111606484273,0.06718367,-0.00017251273337812179
0.0719373720244443,0.070426814,0.001510557766345691
-0.0201347450741532,-0.03389375,0.013759004043698057
0.0283050564241305,0.022068482,0.006236574531783164
-0.0362020281175177,-0.027106827,-0.009095200992564431
0.0937510285244222,0.09205545,0.0016955811248059588
0.0316764151079446,0.02519074,0.00648567428419887
0.0965604479346212,0.08738385,0.009176596525662759
0.0680301772833005,0.0665169,0.0015132787108555895
0.0626316246152271,0.057804737,0.004826887375151037
0.0571621679978219,0.058550965,-0.0013887970431002636
0.0110432724721715,0.0172655,-0.006222228028626726
0.0023738584351254,-0.016993752,0.019367610184521725
0.0066473094337309,0.007101522,-0.00045421239354962156
0.0491084889884383,0.050489273,-0.0013807839338391484
-0.008625695776484,0.009242207,-0.017867902588388905
0.0534610470292057,0.059064817,-0.0056037696543251095
-0.0084549870748404,-0.00418358,-0.004271406907248828
-0.0158586970437741,-0.01667362,0.0008149237464690484
-0.040112305456555,-0.02345107,-0.016661236086642855
0.0108978123753782,0.009213523,0.0016842893674488754
-0.0032212307547863,0.004440271,-0.007661501584732102
0.0719947524323838,0.073112085,-0.0011173330292327116
0.0836764660612054,0.07023365,0.013442815555662652
-0.0263016979831277,-0.03988692,0.013585223661083116
-0.0172670377433809,-0.012303419,-0.004963618332198497
-0.0230131339403443,-0.019358791,-0.0036543425294212964
0.0158292532753101,0.0121823875,0.0036468657519569993
0.0453381950719192,0.042131104,0.003207091496689553
-0.0260057532559766,-0.011182727,-0.01482302596379654
0.0189038642049323,0.010392653,0.008511211380411235
0.0018576460729403,0.0039433097,-0.0020856635806100867
-0.0417111902364249,-0.034862693,-0.006848496837234
0.0410617818800264,0.035361078,0.005700704243546066
0.0585473734958828,0.055120163,0.0034272108300388363
0.0011071385322769,0.008287506,-0.007180367645744531
0.0593406809782032,0.051290687,0.008049993804598234
0.0418354563962256,0.04480304,-0.002967581843253464
-0.0216906748937173,-0.017903024,-0.003787650562982095
0.0087320362778904,-0.0044910084,0.01322304463037868
0.0702724136527052,0.0731772,-0.002904789883328429
-0.0042288747711495,0.0012467646,-0.005475639328585608
0.0214886063564981,0.021983402,-0.0004947954933678146
0.0504870547688378,0.040712964,0.00977409097913634
-0.0280482457567191,-0.03475466,0.006706414223816407
0.0814892265801047,0.0820179,-0.0005286719794656142
0.0502117748918983,0.034803655,0.01540811989335742
0.0165283768623383,0.017041652,-0.0005132746697156486
-0.0230228220500403,0.0007123455,-0.023735167578922297
-0.0115235374026694,-0.001533253,-0.009990284400688916
-0.0382915060138163,-0.04477174,0.00648023233657509
0.0297035678212032,0.031827644,-0.002124075692476305
0.0112438631668018,0.0076370626,0.003606800591133703
0.076917913030781,0.07674841,0.00016950465361043054
-0.0146842573432762,-0.010300562,-0.004383695557578263
-0.027150513268902,-0.028285138,0.0011346250400999236
0.0018896916203715,-0.0006450412,0.002534732795092473
0.0466557150675439,0.040292524,0.00636319126621715
0.0518527637789497,0.051311564,0.0005412000785121537
0.0760356878387372,0.07007754,0.005958149348441785
0.059040180526737,0.056814816,0.0022253646776712183
0.0734592574610855,0.07421393,-0.0007546720132682871
0.0448583050430307,0.055378497,-0.010520191603850405
0.0151487497710466,0.012721644,0.002427105987894496
-0.0506672024230388,-0.034578588,-0.016088614563169797
0.0385524923926637,0.03656243,0.0019900607889935806
0.0202658877174538,0.017603884,0.002662004197685086
0.0734435968404944,0.054660585,0.018783012062900784
0.0481553532949151,0.046476476,0.001678877400463956
0.0482201881030822,0.049050882,-0.000830694355604629
0.0544339770432839,0.046005137,0.008428839778555353
0.0753963784835739,0.071991,0.0034053818843765155
0.0707899655075575,0.06877521,0.0020147587032819936
0.0691774848188696,0.073020026,-0.0038425412688913307
0.0346522024622188,0.03814897,-0.0034967669496311776
0.0209762157505551,0.020738054,0.00023816168365866155
-0.050930008930693,-0.047891136,-0.0030388726718524398
-0.0107990675766978,-0.006525547,-0.004273520798704359
0.031521256149297,0.030325187,0.0011960687791159191
0.0645723525353938,0.06417746,0.000394891566899383
0.0903063214612834,0.0898992,0.0004071242404810882
0.0034223152458714,0.0172719,-0.013849585303659583
-0.0012026318392009,-0.010415612,0.009212979949429585
0.0270066301720999,0.011936574,0.01507005592909081
-0.0211200666685706,-0.026169263,0.005049196157872117
0.0455568230569887,0.04044155,0.00511527274256228
0.0658477139701458,0.06729965,-0.001451935149231337
-0.0147787581351662,-0.005703009,-0.009075748935815128
-0.054231386582264,-0.05038931,-0.003842078099855477
-0.0308335367297081,-0.025920624,-0.004912912816300775
0.016050496398599,0.018709132,-0.002658636049239785
-0.0271250798348751,-0.024727236,-0.0023978433553543017
-0.0117556581237595,-0.00797985,-0.0037758078390042697
0.0186714317567314,0.012044439,0.006626992664452918
0.0170733561671868,0.0051132278,0.011960128408630196
-0.0206427661850909,-0.03728473,0.016641961954548
-0.0363306017943571,-0.023144456,-0.013186146167750157
-0.004268843414784,-0.0065251095,0.0022562661072606585
0.0051803507389449,0.015869616,-0.010689264860568154
0.0441269061485688,0.05013709,-0.0060101852794726615
0.0343233193408308,0.035730954,-0.001407634918803219
-0.0436693313801457,-0.04989642,0.006227087668163628
0.0645438479370574,0.064219475,0.00032437314457693656
0.045928740429115,0.05066591,-0.004737170857954318
0.0130816457729758,0.007763423,0.005318222747367738
-0.0403549781566725,-0.0012230818,-0.03913189631740161
0.0528592308949886,0.05016466,0.002694572318738521
0.0514880274215867,0.048120707,0.0033673201481034254
0.0456033416679971,0.044855017,0.0007483244529835967
0.0051253861186487,0.0106644165,-0.00553903035843546
-0.0133709461923197,-0.011181413,-0.002189532996292421
0.0093625968306493,0.0077125165,0.0016500803626310068
0.0814895827676219,0.08324283,-0.0017532508467274638
0.0134805069296828,0.014306297,-0.0008257896647581378
-0.0078810637968787,-0.008645353,0.0007642891106001085
0.0337726838134113,0.03104362,0.002729063033300942
-0.0106084289291683,-0.0026634452,-0.007944983735847786
0.0294728147753627,0.039645866,-0.01017305078421524
0.0384336462564365,0.041515887,-0.0030822405271633546
-0.0188099067708789,-0.026927225,0.008117318520850073
0.0335745009290902,0.032571245,0.0010032559442250122
0.0157445762567832,0.017828323,-0.0020837466902421005
0.0736797642969147,0.07047424,0.0032055270933166735
-0.0256749597320363,-0.02419962,-0.001475339842776962
-0.0151836064220874,-0.007925513,-0.007258093221625536
0.0509634031147148,0.0558093,-0.004845897278151337
0.0278830779062112,0.028446836,-0.0005637584908406122
0.0175337231669326,0.00721694,0.01031678299864127
-0.0321176693064057,-0.04124434,0.009126669891468368
0.0450876656580031,0.04853761,-0.0034499425780713452
0.0273646752159994,0.0115832,0.015781475491444385
0.003213436525754,0.011125152,-0.007911715473540758
-0.017969063936154,-0.012803187,-0.005165877273658862
0.0227578768080887,0.029929072,-0.007171194856721481
0.0280406210191274,0.022723576,0.005317044965150387
-0.0236246261559647,-0.027425999,0.0038013726658898926
-0.0170502473322752,-7.301843e-05,-0.016977228899389327
0.0516249278400716,0.049319,0.002305928788023867
0.0320194944140468,0.025670225,0.00634926961334089
0.0370356680728438,0.030253656,0.006782011864328634
-0.0256388225831578,-0.04036349,0.014724667998354653
0.0001144255449765,0.00049599056,-0.0003815650186731842
0.0578623485731479,0.04759259,0.010269757078826075
0.0565498867634085,0.06013563,-0.003585742264673397
0.0538607476365259,0.052584805,0.0012759430420091478
0.0314029093331224,0.030192407,0.0012105024850493917
0.0512810104505988,0.054681357,-0.003400346545699033
0.0139832141449842,0.011967949,0.002015265507081464
-0.0393049957577736,-0.035615932,-0.0036890635613948952
0.0058986383272358,0.008191551,-0.002292912754600423
0.018840382661588,0.012363222,0.006477160233921812
0.0141413078499917,0.013094806,0.0010465017376426675
-0.0048417828734489,8.826174e-05,-0.004930044612159471
-0.0384955987165199,-0.027005566,-0.01149003243245942
0.0640975737044061,0.061265826,0.002831747479125332
-0.0336072090961767,-0.025735168,-0.007872041309697701
-0.0307070396518191,-0.016426343,-0.014280696181007257
0.0166512245047015,0.018628234,-0.001977009539015886
0.021115086980572,0.025946425,-0.004831338293442473
-0.0327538749845743,-0.04070736,0.007953485968518276
-0.0019131931801094,-0.0041532,0.0022400067794369274
0.024040713736774,0.028005194,-0.003964480182169404
0.092494846620554,0.090881854,0.0016129923248234118
-0.024014178671762,-0.024480654,0.00046647525496815515
0.0113937554651834,0.0055078347,0.00588592074382677
-0.0119911420459782,-0.020763313,0.00877217135178696
-0.007808098854851,-0.013986512,0.0061784132324345185
-0.0261922421808011,-0.015155434,-0.011036808503664203
0.016301713728503,0.013172455,0.003129258596495401
0.0152418800788421,0.021143984,-0.005902103970716539
0.019544624480937,0.013659492,0.005885132345889086
-0.0209512046188866,-0.015785176,-0.005166028311923632
-0.0436841684094371,-0.029190758,-0.014493410166233935
-0.0218330379225164,-0.026292602,0.004459563677772945
0.0432720709867108,0.039540973,0.0037310984260666494
-0.0140272288245139,-3.853205e-05,-0.013988696775438899
-0.0410296987573195,-0.022638008,-0.01839169075885301
0.0440754056321323,0.04916674,-0.005091333354836691
-0.0103809067653977,-0.0074550994,-0.002925807391341838
-0.0291869163760352,-0.019450244,-0.009736672813575254
0.0093872974065042,0.013674976,-0.00428767889766927
0.0343175861549897,0.028990889,0.005326697186879614
-0.0356007814163903,-0.03081033,-0.004790451353285673
0.0561252890179663,0.04988223,0.006243059600403812
0.0369311589086402,0.03778584,-0.0008546803807866002
0.0083950477984732,0.004127672,0.00426737585635837
-0.0125672876182203,-0.008445192,-0.004122095489800423
-0.0427950427845893,-0.050649844,0.007854801325422753
0.0244151519076849,0.029132536,-0.004717383773443603
-0.0171070454952398,-0.015050253,-0.0020567925957122486
-0.0101735815728329,-0.010723839,0.0005502570098020257
0.0734986741923247,0.06951464,0.00398403451670748
0.0474636357828038,0.048152756,-0.0006891201631171462
0.029720398776307,0.012755776,0.016964622952117814
-0.0114666559582332,-0.03794736,0.026480704467954315
0.0291216757470155,0.03577439,-0.006652715397498583
-0.0399703977401552,-0.027733399,-0.012236999138742426
0.102374509671081,0.099346176,0.00302833388124793
0.001663492700997,0.00361394,-0.0019504472734600256
-0.0126606126310873,-0.0060036737,-0.0066569389770376654
0.0012268822092814,0.0045309025,-0.003304020277013108
0.0331255452496969,0.03479153,-0.0016659839289224834
0.0636750982597405,0.070016816,-0.006341717998689975
0.0215133147259899,0.023856547,-0.0023432320038131865
-0.0252483811840953,-0.016436536,-0.008811845319026863
0.060483012760531,0.05522817,0.005254842753063732
-0.0379340725753939,-0.017782941,-0.020151131114784462
0.0086339363260743,0.012970428,-0.004336491656434837
-0.0330122201767218,-0.035792906,0.002780685660575641
-0.0166771305850601,-0.006999936,-0.00967719463025091
-0.0203091655659214,-0.032376304,0.012067138702915575
0.0398379061967858,0.039073143,0.0007647630424030966
0.0180542342245683,0.012977399,0.005076835292588167
-0.0163672937548197,-0.009521808,-0.00684548621088631
-0.0038318876702324,-0.0037278093,-0.00010407837703679465
-0.0064016151598485,0.0058987667,-0.012300381845125724
0.0592731130655898,0.05518589,0.004087221377719774
0.0466828694351068,0.044297405,0.0023854648478379703
-0.0269480830195619,-0.032583475,0.005635392093353141
0.0821161082249509,0.08017705,0.0019390618663655407
0.0041583686516008,0.002470527,0.0016878415745070798
-0.0279490795598577,-0.019939275,-0.008009804101402614
0.0450331209760112,0.051628508,-0.006595386697729189
-0.0265399471329564,-0.041956063,0.015416116227019414
0.0094739797464793,0.009998239,-0.0005242588990146835
0.0411104725166526,0.036819514,0.004290958629485621
-0.0259961421808694,-0.019625876,-0.006370266081998168
0.0052484837122276,-0.0067550447,0.012003528396041649
0.0128768107650216,0.017070748,-0.004193937146908484
0.0366900327467685,0.037586585,-0.0008965519404644726
0.0016958941580621,-0.00020952807,0.0019054222232322614
0.0663181654532423,0.069959454,-0.0036412887851724612
-0.0320224922266209,-0.022945533,-0.00907695965137123
0.0403354984959856,0.044878237,-0.00454273845345822
0.0823966542643468,0.07790546,0.004491193072215752
-0.0214557128162041,-0.020662626,-0.0007930865646257682
-0.0214021653057204,-0.017696789,-0.0037053767711983446
0.0481974307708203,0.027231032,0.020966398742026014
-0.0470995003656779,-0.047905177,0.0008056765122975637
0.0230509047832719,0.0124428915,0.010608013297282805
0.0685331424283209,0.07125461,-0.0027214685869989264
-0.0207720159018275,-0.031088509,0.010316492763734177
0.0052343199439893,-0.0006939564,0.005928276334012532
-0.0143938154339212,-0.011424135,-0.0029696800171750606
0.0621477136703261,0.06183561,0.00031210429389558897
-0.0261367056687998,-0.015415463,-0.010721243003539962
0.0593099868585326,0.06444985,-0.005139859886004752
-0.0146556271907337,-0.010016999,-0.004638627983296662
0.0188679470734557,0.011871871,0.006996076466318019
0.0383291421710342,0.031645674,0.006683467912563662
-0.0060258032882706,0.0029540274,-0.008979830670927532
0.0298996893930954,0.0015365144,0.028363175015873935
0.0342710951105679,0.0034351426,0.030835952539461343
-0.0035783903501372,0.005815452,-0.009393842314873184
0.0486303793365123,0.054954182,-0.0063238030200836945
0.0473166587760038,0.043008268,0.0043083908965177165
-0.0424440433601268,-0.028866682,-0.01357736115850288
0.0480844572779343,0.043363083,0.004721374123971209
-0.0226118108688486,-0.02483707,0.00222525834454175
-0.0090541223059233,-0.020101797,0.011047674529737634
0.0378378560663407,0.041411143,-0.0035732867299373
0.0717095257017124,0.06496544,0.00674408387870673
0.0289758093983089,0.027095404,0.001880405876055865
0.0642993526761106,0.06403012,0.00026923438950095246
-0.0141305352690872,-0.003613257,-0.010517278186908011
-0.0174370289478278,-0.006395876,-0.011041153005865795
0.027577384890854,0.025145426,0.002431958498298765
-0.0041540870038551,-0.0026777366,-0.0014763504327964692
-0.0251354267514024,-0.027328704,0.0021932768010821113
-0.0059859988246834,-0.015832335,0.009846335932167796
-0.0066385804902987,-0.009728148,0.0030895671579761986
0.0241161655768993,0.026221447,-0.002105281116044272
0.0182384222116252,0.011413277,0.006825145084776503
-0.0032133355384451,0.0075744735,-0.010787809046147451
0.0379924887014201,0.03292345,0.005069039870577129
-0.0064928212705895,-0.011262313,0.004769492192204327
0.0625114287777934,0.06219358,0.0003178488060030932
0.0443903072573129,0.04465595,-0.00026564162002169767
-0.0165562762897654,-0.009242739,-0.007313537692670388
0.0218650753580785,0.023896307,-0.0020312313950800708
0.0249081695012733,0.036386237,-0.011478067047150466
0.0547465821039832,0.056597617,-0.0018510344195210582
0.0928697914931033,0.078852035,0.014017756387874877
0.0315948808040611,0.03342433,-0.0018294482085712688
0.0201478508622716,0.027320404,-0.0071725527434279394
0.0343423763202956,0.031601895,0.0027404816734125925
-0.0095501169174349,-0.006437762,-0.003112354742679565
-0.0284114612679547,-0.027275763,-0.001135697815901629
0.0654692929187631,0.06549654,-2.7248640933091872e-05
0.0029674460351248,-0.00436044,0.0073278862222810005
0.0621372426553752,0.05871484,0.0034224020942236963
0.0341092559793,0.030519456,0.0035898003079895754
-0.0200850573678023,-0.028969364,0.008884306872963273
-0.0117079532474783,-0.005246627,-0.006461326102962786
0.0109876177299163,0.004609188,0.006378429664983476
0.0234901313947651,0.019059801,0.0044303299205515
-0.0523814558581779,-0.020188067,-0.03219338874978518
0.0417497392477991,0.04071608,0.0010336573901178273
-0.0033739552950762,0.0032948742,-0.006668829510574767
-0.0240615072960775,-0.006248102,-0.017813405238352308
-0.0403343847063886,-0.033847462,-0.006486922320495733
-0.0513155577283149,-0.052793197,0.0014776396054978144
0.0168552132885149,0.01289295,0.0039622629623106
-0.0367501834030448,-0.046578385,0.009828201532811068
-0.0072968021576589,0.0010521943,-0.008348996432620848
0.0312720461766607,0.023035103,0.008236942721474808
0.0490563430568493,0.04680175,0.002254593439987955
0.0428659678753375,0.03289373,0.009972239410495659
0.0525408424433396,0.041928504,0.010612338780991805
0.0169433119480553,0.011036751,0.005906561087543043
0.0647811234574341,0.05902674,0.005754382966043872
-0.0178371967490144,-0.037863534,0.020026337194877127
0.0671813006096697,0.06536333,0.0018179679804659066
-0.0358648147129587,-0.022142408,-0.013722406297283538
0.0129518901240964,0.00450529,0.008446599939926393
0.08122083454897,0.07766434,0.0035564964966972035
-0.0345913290925745,-0.015586842,-0.019004487241101646
0.047967972041657,0.047927324,4.06483128571819e-05
0.0253185026055685,0.026364459,-0.0010459561192878754
0.0182814225985574,0.01895573,-0.0006743073032332188
-0.0141145846096316,-0.018154608,0.004040023476119934
0.0458868827706368,0.045776475,0.00011040754971814587
-0.0202041323432782,-0.009796883,-0.010407249363706381
0.0629408188635441,0.061953913,0.0009869054431053403
-0.0310294301434295,-0.010226839,-0.02080259092141555
-0.020970224118909,-0.023861535,0.002891310774603726
0.0106643816779561,0.017555682,-0.006891300310640816
0.050592382712333,0.052464448,-0.0018720652032210433
-0.0306061427237048,-0.031106448,0.000500305077289119
0.0545758687086466,0.05398766,0.0005882091946962514
0.0365836080980233,0.036341522,0.00024208620905197265
0.053287503675341,0.03588864,0.017398865327953685
0.0324005644643762,0.033321984,-0.0009214196478865289
0.0722118724627615,0.07366077,-0.0014488961057542715
0.0075892552628488,-0.0030045786,0.010593833903533285
0.0422712673976548,0.05090055,-0.008629281298863145
-0.0468882031940826,-0.03744394,-0.009444263597668034
-0.0507781287587393,-0.03523249,-0.015545636967490978
-0.021507921690396,-0.02226786,0.0007599377387250174
-7.15509746800399e-05,0.0030521033,-0.0031236543078552222
-0.0177502483616233,-0.017336905,-0.00041334335902930633
0.0305740238010753,0.03104241,-0.00046838625968806044
-0.0076837290642698,0.00242081,-0.010104539115532178
0.0731171200968199,0.07438302,-0.0012659003041810835
0.0558763020199277,0.046159565,0.009716736571166715
-0.0104048689314999,-0.018732904,0.00832803459373337
-0.0221998086136929,-0.022256743,5.693454917750709e-05
0.0102684115277586,0.0011053932,0.009163018361104789
0.0547275953445011,0.05850714,-0.0037795453813499608
0.0193603210763282,0.022706922,-0.003346601067369538
-0.0281229927759382,-0.0409057,0.012782706357934787
-0.0078138578478692,0.011056003,-0.018869861008643907
0.0100591990633601,0.005348757,0.004710442153989677
0.0702671225826325,0.060687743,0.00957937945528646
-0.0380394465751866,-0.021811998,-0.016227449057243215
0.0086127435287837,-0.005328859,0.013941602731347463
-0.0327957637244721,-0.028780255,-0.004015508257772499
-0.0389296712701542,-0.039580237,0.0006505658502357417
0.0297786533663535,0.027581906,0.0021967474202179774
-0.0064212088212682,0.0006124418,-0.007033650620871602
0.0536520381821267,0.051661555,0.001990483458148659
0.0320426587681765,0.036706444,-0.004663785107851558
0.0401992887693784,0.03793874,0.0022605486649415266
0.0254492743770106,0.020931417,0.004517857254527347
0.0123335205792637,0.01320693,-0.0008734093204884399
0.0457584850328282,0.020053556,0.025704928843887198
0.0080809085936155,0.03562727,-0.027546359661141426
-0.0116041831395383,-0.007957526,-0.0036466575882191776
0.0738200761291394,0.06851758,0.005302495500744325
0.0772386647587696,0.06805216,0.009186506999103158
0.0250507997061402,0.038315687,-0.013264887622436841
0.0027549026104423,0.012585046,-0.009830143159368376
-0.0414444257745176,-0.038937595,-0.0025068310329347324
-0.0391902621745151,-0.045478072,0.006287809842916159
-0.0308435296900865,-0.009708491,-0.021135038536071436
0.0097309644397144,0.01178595,-0.0020549851406569796
0.0196932458066021,0.022181371,-0.0024881254203046772
0.0446428528394682,0.043939687,0.0007031655278188775
0.0212929198758924,0.021511089,-0.00021816918083786968
0.0298746665499587,-0.0017213569,0.03159602342894714
-0.0219647126754936,-0.025617804,0.0036530917027775035
0.0579388720545935,0.046347603,0.011591268852727349
0.0291937801596707,0.02411013,0.005083651056606162
0.0648964504480729,0.062034238,0.0028622123182187043
-0.0143039770600744,-0.013032614,-0.0012713628066130384
0.0240011912687016,0.026290447,-0.002289255251150084
-0.0386691441979954,-0.022603946,-0.016065198391372895
0.0178697113935948,0.01834707,-0.00047735822749132156
0.0519722371675707,0.036232207,0.015740030197117436
-0.0219113889703515,-0.02251758,0.0006061915686366125
-0.0250752965880874,-0.025003381,-7.191551461251458e-05
-0.0198894718802113,-0.00647174,-0.01341773179830498
-0.0098725780338336,-0.002757344,-0.007115234104572632
0.0246103792795089,0.024189102,0.00042127774740726917
0.0325769503199833,0.029528571,0.003048379027225309
-0.0226333425712143,-0.012754207,-0.00987913602556334
0.0577828064194884,0.060165424,-0.002382617480400591
0.0571284148235092,0.047242474,0.009885941012598022
-0.0256676676809452,-0.017928442,-0.007739225694503589
-0.0257703074648552,-0.01917551,-0.006594796611326222
0.0571690262469726,0.054312553,0.002856472990222493
0.0294115846979492,0.020744065,0.008667519875156193
0.0277298410036265,0.026027253,0.001702588106006299
0.0527814508232104,0.053171314,-0.0003898634758961947
-0.0183737623834486,-0.020743208,0.0023694456225757596
-0.0424319336157902,-0.034766514,-0.007665419761524989
0.0789092702406499,0.07101381,0.00789546199022266
-0.009483871877926,-0.01590315,0.006419278784853807
-0.0110945098680936,0.0020801711,-0.013174681004279126
-0.0079381726646486,-0.0048603783,-0.0030777943284872253
-0.0202309487576651,-0.01255912,-0.0076718291456865685
-0.0087552393527381,0.003275196,-0.012030435420726973
0.0032786416882712,-0.0010073425,0.004285984166531598
-0.0276399169331657,-0.015404692,-0.012235225013481291
-0.015577536320852,-0.00804056,-0.0075369759114253115
-0.0187155769203622,-0.015180324,-0.0035352527160961295
0.0600809452276107,0.05620246,0.0038784851472254897
0.0392688365066241,0.03160153,0.007667306938190337
0.0730945517564685,0.071809664,0.001284887387839051
0.0114317623137991,0.0018791773,0.0095525850247155
0.0284856543613016,0.029825678,-0.0013400237339199206
-0.0086542709519414,-0.0116371745,0.0029829035724254563
0.0219614625473949,0.024545576,-0.0025841138760116997
0.0226812920037995,0.016353473,0.006327818936515871
-0.0079520297970401,-0.0080511505,9.912068138254182e-05
-0.0471469420877874,-0.03502152,-0.012125420936721573
-0.0033171248787441,-0.008988816,0.005671691412349727
-0.0144265029604071,-0.009314008,-0.005112494903289638
0.0689296867236764,0.06806215,0.0008675377354294828
0.0477070867987781,0.04102136,0.006685728577008769
-0.0492227135380498,-0.04097904,-0.008243674614070995
0.0479600939807215,0.0454236,0.0025364931580343503
-0.0388981847958323,-0.029236287,-0.009661897917246483
-0.0119078554472099,-0.0018407991,-0.010067056331611698
0.0595461001317968,0.053466998,0.006079102091120683
0.0341961912748888,0.036905825,-0.002709633863203241
-0.0027022632786784,-0.0032296698,0.0005274064822342567
0.0207627352557139,0.02575414,-0.004991405434255164
-0.027709017710419,-0.025524298,-0.0021847199812844408
0.0082745624755553,-0.00913926,0.01741382275270736
0.0392089078788618,0.024496352,0.014712555578813923
-0.0384550778588252,-0.011094269,-0.027360808516104694
0.051572825620477,0.055236325,-0.003663499047453604
-0.0182568887771445,-0.010357344,-0.007899545185394832
-0.0198489668188585,-0.0186046,-0.001244366016794559
0.059691593577152,0.05796574,0.0017258530156667104
0.0062057490496621,0.007688815,-0.0014830657244935168
0.0386381696851701,0.04241827,-0.0037801016180067787
0.0446426701257892,0.04340222,0.001240449071950471
0.030604137319426,0.029618006,0.0009861311198276872
0.0023472097583006,0.006183395,-0.0038361854039241695
0.0313899042229766,0.026556075,0.004833829603683386
-0.0014998943905696,0.00088095234,-0.002380846732982966
0.0303888507777574,0.027338458,0.003050392552626364
-0.0344298702766637,-0.040036064,0.005606193364646038
0.0059336613190388,0.007950862,-0.002017200619258948
0.0387243381263882,0.036950994,0.0017733438434273108
0.0225046403145821,0.024449063,-0.0019444231504170996
0.0119851437382497,0.003614766,0.00837037768066899
-0.0417891130487811,-0.042781595,0.000992482091914472
-0.0272740906534944,-0.017254304,-0.0100197865126882
-0.0017523077444605,-0.019034564,0.017282256750626168
0.0145650267599683,0.0061611934,0.008403833396599789
0.0492702558965497,0.05099764,-0.0017273850410170558
-0.0097838450116629,-0.017778995,0.007995149503875316
-0.0102722078524312,-0.02968327,0.019411061707905866
0.0368577310687714,0.028692417,0.008165314222019236
0.0251115391409759,0.024212204,0.0008993352210883571
0.0688340256007975,0.06689135,0.0019426757487123886
0.0015700843444432,0.0011187022,0.00045138211253684547
0.0315132996439292,0.034635283,-0.003121983408992092
0.0820610405640036,0.08015404,0.0019070015983015387
0.061881962597461,0.05375339,0.008128571689219731
0.065434370489905,0.065489866,-5.54953495763566e-05
0.004679009468307,0.008584682,-0.0039056724300484836
0.0475304469476493,0.0486441,-0.0011136524368969766
0.0287658963772018,0.033910673,-0.00514477673447537
-0.0312441692309735,-0.03315429,0.0019101209385039633
0.0356671058344366,0.030211754,0.005455351691198533
0.031442388135643,0.026252232,0.005190155643672936
-0.0283313392991772,-0.019445125,-0.008886214285587342
0.0207036731660095,0.015966147,0.004737525981637552
-0.0531736247354789,-0.038497217,-0.01467640773594811
-0.0280330983871582,-0.033895962,0.005862863553130343
0.0530630644738775,0.049572513,0.00349055196643884
0.0496432533898349,0.046044827,0.0035984268822665394
0.0313437920188793,0.01522846,0.01611533240734423
-0.0523835584836393,-0.033577774,-0.018805784763613283
0.0631594441589952,0.06517338,-0.0020139359178900224
0.0225763097546995,0.00946389,0.013112419299036296
0.0582342357927199,0.029821284,0.028412951677405415
0.0333337112563992,0.026823545,0.006510166381611872
0.0604956789774019,0.06522757,-0.004731889172164751
-0.0424399857259179,-0.04851843,0.006078444715700064
-0.0356851322474327,-0.02996114,-0.005723991421088211
0.0726262711782441,0.068146504,0.004479766716478817
-0.0152017792539617,-0.016002435,0.0008006559832075665
0.0606249564036244,0.057713468,0.0029114887758606503
-0.0100338952635392,0.0016377738,-0.011671669084669595
0.0296539643698475,0.02858827,0.001065693601324285
0.0097184207662839,0.0016237338,0.008094686982211798
0.0231455532820179,0.016690152,0.006455401516075328
0.0497314199039273,0.03290705,0.016824369800978158
-0.0219561232022263,-0.023377087,0.001420963765003544
-0.0114814406225731,-0.00656313,-0.004918310787742339
0.0147857583513866,0.02323205,-0.008446291888653226
0.0262866724307393,0.028360635,-0.002073962611451253
0.0458230590144793,0.040209275,0.005613784275452276
-0.0312083635206024,-0.031967465,0.0007591013138492746
-0.0497397651631341,-0.031656813,-0.018082952286671165
-0.0151409270112197,-0.03083849,0.015697562521251002
-0.0144625436853737,-0.013358899,-0.0011036442931861047
0.0503307053745755,0.05310347,-0.0027727639376155105
0.0002025566120756,-0.006728307,0.0069308634904337255
-0.0264549585840657,-0.029175963,0.0027210046687171224
0.0644142833896993,0.06301529,0.0013989937850354545
0.0270941428724187,0.025128784,0.001965359214271843
0.0413677495469962,0.044132397,-0.0027646470317925567
0.0243146241028068,0.015562344,0.008752279760336632
0.0708033783132504,0.070895955,-9.257665329470699e-05
0.0246877364252257,0.03158667,-0.006898932960207497
-0.0336157500173648,-0.036487177,0.002871426996986094
0.0107612604723722,0.0002678906,0.010493369870254796
-0.005376095112599,0.004935022,-0.010311117090470657
0.0411515533183713,0.03810218,0.003049373552670008
-0.0284300251768689,-0.037986536,0.009556510402097242
0.0378696319186496,0.03651688,0.0013527531647490737
0.01684028118672,0.012917668,0.0039226135593854045
0.0643584647831802,0.058420382,0.005938082343090026
0.0564328419531305,0.05121034,0.005222501840682764
0.0619222183122428,0.06165055,0.0002716664566786847
0.0187663632724146,0.021838706,-0.003072342714323606
0.0187340474154195,0.020829529,-0.00209548115475567
0.0630014212214251,0.060212024,0.00278939766519265
-0.0120316547774573,-0.0042227325,-0.00780892227449018
0.0701974582007304,0.068028495,0.002168963485039782
0.0423743870188657,0.038473062,0.003901324801630135
0.017341159293852,0.011944946,0.005396213392219691
0.0449569047785421,0.042281307,0.0026755974984784686
-0.04192472653781,-0.025540635,-0.016384091548071536
0.0386466662430069,0.02683368,0.011812986715962606
-0.0011442098405051,0.014372951,-0.015517161191611267
0.0487706231238286,0.045772336,0.002998286700431535
0.0018687781906185,0.0039358926,-0.002067114409947649
-0.0098997002561329,-0.016051497,0.006151797054267109
-0.0097202423902965,-0.0036440974,-0.0060761450267202075
0.02674086513974,0.025603285,0.0011375800804071523
0.081911114035634,0.07847048,0.003440630613354645
0.068840253279975,0.07248771,-0.0036474586264581
-0.0422696380162024,-0.05239435,0.01012471111180549
0.0397060376977127,0.04908747,-0.009381430836995323
0.0112302661206648,0.017442254,-0.006211988228924548
0.0487396130631708,0.05320861,-0.004468995117113697
0.0493593940708588,0.04335454,0.006004853007550083
0.0071516091025035,0.0005336178,0.006617991302401862
0.0670271988336946,0.06922804,-0.0022008393581007535
0.0297427540018248,0.030935131,-0.0011923770115686017
-0.0276238325312329,-0.028640088,0.0010162551626967734
0.0125165519914427,0.018889373,-0.0063728211769065665
-0.0430999907068026,-0.049817357,0.006717366505502469
0.045480013336258,0.03694288,0.008537132735567159
0.0524681245802645,0.05245334,1.4785480380467841e-05
0.0523198008308665,0.05372556,-0.0014057584335549628
0.0732149701692725,0.07350052,-0.0002855513117646369
0.0517558224766078,0.049992204,0.0017636187641444229
0.053831163021352,0.053478606,0.0003525569761058736
0.075012146865237,0.068906896,0.006105251048910854
-0.0311847521709742,-0.037293814,0.00610906195170265
0.0859889134252576,0.080000296,0.0059886171901730595
-0.0252280650298154,-0.022021564,-0.003206501306132044
0.020753783061403,0.011889844,0.008863938859897814
0.0577937423793297,0.05315184,0.004641903897903463
-0.0492432409042955,-0.030711828,-0.01853141310461765
-0.0416000572704178,-0.02172138,-0.019878677438984506
0.0360029885845297,0.036079746,-7.675715516870796e-05
0.0254330825581041,0.0229759,0.002457183278986516
-0.0336180534090522,-0.04101074,0.00739268773536652
0.0535820302983228,0.060162704,-0.006580674139648315
-0.0006701242024626,0.002542988,-0.0032131121339823467
0.0701286443147825,0.06967032,0.0004583247575925542
-0.0245208958411161,-0.012875222,-0.011645674171442182
0.0597466041924489,0.05077599,0.008970614302350327
-0.0025222335425479,0.0039344234,-0.006456656981752592
-0.0153857655477445,0.0016742626,-0.01706002812168704
-0.005123306117237,0.00012581325,-0.005249119371508634
0.0604300629988747,0.057291664,0.003138398815734897
0.0046403235379612,0.0018696332,0.0027706903262069375
0.0374865922577238,0.039895706,-0.002409113621010789
-0.0507524563005007,-0.03568405,-0.015068407171014618
0.0253254575825571,0.024510803,0.0008146548814414907
0.0160737064332934,0.02046504,-0.004391334146144808
-0.0378098561860047,-0.044575416,0.0067655593656577445
-0.0027262004396267,0.011372092,-0.014098292619580751
0.0320167049698883,0.028604267,0.00341243780482349
0.0713811465608894,0.06793528,0.003445866059046898
0.0419582839507503,0.046231758,-0.004273473898704583
-0.0372868756230526,-0.03662404,-0.0006628351684265163
-0.0083685007086006,-0.008042038,-0.00032646229024799536
-0.0129516525525495,-0.006406533,-0.006545119486366172
0.0014473079395484,0.00045741894,0.00098988900254516
0.055463943622417,0.05409375,0.0013701952913470553
-0.0192436433910307,-0.03866685,0.019423208427530855
0.0339422935665706,0.024260443,0.009681850862608275
0.0365957003142203,0.035007644,0.0015880558695162417
0.0064084208026471,0.0082479995,-0.0018395786717591428
-0.0162635911564067,-0.0064375442,-0.009826046911133826
-0.0087890599371385,0.0010543651,-0.009843425008606556
0.0299068942853365,0.024904765,0.0050021290966425005
-0.0507168145728326,-0.038027138,-0.012689677054903523
0.0281879258592935,0.020256573,0.00793135252495722
0.0593378188657803,0.057786588,0.0015512312400383435
0.0570845391641861,0.057621457,-0.0005369175184959385
-0.0414569478428813,-0.03603102,-0.005425928900286772
0.0385786912020569,0.043386336,-0.004807645213949191
-0.0387310042791499,-0.039170243,0.0004392385668622184
0.0694829655068388,0.06671886,0.002764104046153071
-0.0365214245430681,-0.01918111,-0.017340314578220536
0.0077889025236055,0.02361032,-0.015821417418630447
-0.0339681357113926,-0.019247985,-0.014720151197752197
-0.0187417121899547,-0.022760607,0.004018895112234175
-0.0403319014844009,-0.04110053,0.0007686303320816462
-0.0382779317657152,-0.046226718,0.00794878576596586
0.0102583280893131,0.011527963,-0.0012696348933414724
0.0270800970831613,0.018269973,0.008810124207447
-0.0176971087578725,-0.01936285,0.001665741356830678
-0.0587733667912949,-0.04168077,-0.017092594933794822
0.0375640229014313,0.0429175,-0.005353478279932759
0.037400684979694,0.035330027,0.0020706576378513517
0.0155567433582874,0.019702177,-0.004145434136476929
0.0387626803428717,0.034577943,0.004184736958224328
0.0213071176228593,0.003427036,0.017880081516272843
0.0306171699298987,0.034283422,-0.003666252003752271
-0.0235299491255786,-0.02224979,-0.001280159217050273
0.0699979085365716,0.06736205,0.002635860804695231
0.0418121944400905,0.046786536,-0.004974341091191922
0.0314649408041062,0.025740592,0.005724348994952645
0.0003745793862798,0.008210624,-0.007836044250561974
-0.0324367192749948,-0.026377607,-0.0060591121380300025
0.0359168234870391,0.030463524,0.005453299324269779
-0.0239449684691892,-0.020218149,-0.003726819641636403
0.0481706324217677,0.040963784,0.007206848561561098
0.0119793840412144,0.0013449109,0.010634473101990337
0.056759753099867,0.050905854,0.005853899589964046
0.0111514670344462,0.0039123665,0.007239100573437412
0.0705538366111719,0.070416,0.0001378331455194337
0.0443600599430938,0.048743892,-0.00438383251796768
-0.0287116561419594,-0.031919613,0.003207957338608531
0.0479316330969427,0.03629308,0.011638554883012568
-0.0452776288589774,-0.038538747,-0.006738882323199358
0.0172064856579366,0.0054594837,0.011747001945024996
0.0285821023857012,0.025071468,0.003510634181441326
0.0124723381958502,0.012772466,-0.00030012786019866997
0.0328209479934111,0.038321324,-0.005500375699387515
0.0359994144230457,0.04045716,-0.0044577448577312745
0.0795921332789231,0.08179686,-0.002204728906078271
0.0478320528436877,0.04754606,0.0002859939504839676
-0.0310386026705164,-0.031549137,0.000510534415159792
-5.98091727674824e-05,0.019231152,-0.019290960962194285
0.061330437511356,0.061460115,-0.00012967750415074364
-0.0315971314974059,-0.009833615,-0.021763516224168673
0.0261729091573186,0.03231925,-0.006146342290597431
0.0496526313364334,0.04698135,0.002671281748992907
-0.0356834485744968,-0.019441841,-0.016241607404305032
0.0015391681445181,-0.0030735391,0.00461270726373192
-0.0231994690618779,-0.01577047,-0.0074289983383681105
0.0017281824526489,-0.0057162466,0.0074444290054142695
0.0490309179884492,0.051334705,-0.0023037872153223934
-0.0242734811443135,-0.020454805,-0.0038186757999703162
-0.0209792722854642,-0.011248869,-0.009730403395357523
0.0117761593704528,0.006260597,0.00551556222340528
-0.0352957140133175,-0.022886524,-0.012409190036395464
-0.0352238241839569,-0.037858576,0.0026347513985473733
0.0077787731164351,0.005335017,0.00244375600900798
0.0509551466298886,0.052532963,-0.0015778168248347588
-0.0061446760025577,-0.016692834,0.010548157972399767
-0.0152029866121992,-0.011315452,-0.003887534677265537
0.027670364995787,0.024314154,0.003356211056301451
0.0270989328858937,0.027067434,3.1498843201516885e-05
-0.0100249235935348,-0.012121677,0.0020967538051468414
-0.0166288142083837,-0.02298867,0.00635985536587701
0.0645079293100675,0.0600009,0.004507029130919785
0.0924869102989052,0.09635462,-0.0038677083696510156
0.0301700209339055,0.028912673,0.0012573481609019221
0.0167223056148041,0.020785283,-0.004062977682496239
-0.022012128324552,-0.018373879,-0.003638249651832997
-0.0353962457672026,-0.031863574,-0.0035326718285944303
0.047113229119438,0.047128316,-1.5086895567111014e-05
0.0179855363774287,0.022047881,-0.004062344659568142
-0.0149589138915148,0.0010522215,-0.016011135407662056
-0.0176220903078751,-0.01680785,-0.0008142398575977719
0.0208785916922677,0.028091,-0.007212408700765328
-0.0064660111699747,-0.0019841152,-0.0044818959456430826
-0.0140252184235224,-0.030027498,0.016002279136263443
0.012137313979996,0.023770113,-0.011632798564302172
0.0819512538311158,0.08330955,-0.0013582997324790153
0.0546701925338056,0.05770295,-0.003032758599445587
-0.0384963134698051,-0.03205354,-0.006442772077717165
0.0306325734901246,0.023130534,0.007502039273363011
0.0411339051796272,0.036123227,0.005010677851565143
-0.01843478940446,-0.020999096,0.00256430692952056
-0.0123177380901739,-0.0014950796,-0.01082265848712772
0.0474303360067564,0.04694253,0.00048780766951617843
0.0554721767741439,0.060461137,-0.004988960669636999
-0.0486033290720904,-0.0452234,-0.0033799290753328895
0.0714427452492751,0.0671115,0.004331245641712084
0.0258526183938817,0.026440889,-0.0005882702493830716
0.0052303974206282,0.007560411,-0.002330013581858744
0.0152814694737222,0.014581515,0.0006999540199663437
-0.0449911403947955,-0.046038993,0.0010478523081654673
0.0122009197526941,0.016479742,-0.004278822029255896
-0.0404742028266097,-0.039620318,-0.0008538853078986081
0.0017063101622948,0.009268564,-0.0075622540097943
-0.0154300895233827,-0.0041287327,-0.011301356804855382
0.005443512808387,0.012364741,-0.006921228606398385
-0.0171349351273014,-0.018147781,0.001012846363978203
0.0611913707527539,0.062212784,-0.0010214130905249821
0.025671921126905,0.017683562,0.007988359235587633
0.0252378164271074,0.028213479,-0.002975662197713308
-0.0468249789906594,-0.035427574,-0.011397404922351521
0.0495506431388353,0.04297943,0.0065712127315496124
0.0279670045470614,0.026127955,0.0018390496020931762
-0.0119461933028308,-0.0054348987,-0.006511294643243893
0.0527404280033295,0.052752823,-1.2394634228481138e-05
0.0411260994478007,0.029506668,0.011619430999352517
0.049313001969758,0.042186905,0.0071260972711476925
-0.0046678570040833,-0.0029075514,-0.0017603056446980478
0.0575053618377482,0.051897347,0.005608014864329013
0.0173794486858217,0.02282961,-0.005450162168565583
0.0424933613004375,0.04153166,0.0009617016377139603
-0.0219738689683933,-0.012937123,-0.009036746012474988
0.0163802786400794,0.0027457268,0.013634551795783541
0.0127346151695054,0.00011320846,0.012621406711445002
0.0732142429268054,0.07420639,-0.0009921465599843082
0.0258623955523238,0.020874511,0.004987884101794703
0.0709084092707035,0.0717443,-0.000835891154349136
0.0223472364754446,0.025227001,-0.0028797644614212067
0.0304223424885212,0.029650122,0.0007722205612598482
0.0036830660539936,0.0052405717,-0.0015575056311417645
-0.033355128364554,-0.023134075,-0.010221053259363726
-0.0510007979856779,-0.041167486,-0.009833311526661101
-0.0206028503100035,-0.018393073,-0.002209777079021674
-0.0233034710115959,-0.013456195,-0.009847276350038226
-0.0641559026794624,-0.046775274,-0.01738062870075223
0.0473190805719797,0.03360764,0.013711441199630914
0.06282096408229,0.061351955,0.0014690091453088
0.0275027381583033,0.008754631,0.01874810758520941
0.0473030224974823,0.03668372,0.010619302892274855
0.0307424275993061,0.035172515,-0.004430087018136984
0.0510934115995004,0.05039237,0.0007010409284665398
-0.0514940226228449,-0.035011183,-0.016482839152357306
0.0245601910323161,0.027528651,-0.002968460026357759
0.029403255235075,0.03138986,-0.001986603338600155
0.0573915057886566,0.050185304,0.0072062016535724485
0.0164711564100841,0.006810091,0.009661065439836115
0.0739013545597919,0.07161421,0.002287141271961543
0.0320159181382621,0.031501133,0.0005147851433718875
-0.0300437778811065,-0.01897625,-0.011067527217706805
0.0602670017637434,0.061221123,-0.0009541209779558163
0.0624610125920589,0.057237558,0.005223454525213958
0.0583062880906708,0.056741226,0.001565061626160838
-0.0084798693663808,0.01995662,-0.028436489776465526
-0.0371428249618568,-0.028688248,-0.008454576714948613
0.0356990408974215,0.039340165,-0.003641123614974359
0.0692314603940728,0.071979955,-0.0027484944446799497
-0.0418423090850428,-0.05430061,0.012458300891010438
0.0136990867334907,0.0178006,-0.004101512603133446
0.0430621662229038,0.037905887,0.00515627945360906
0.050933642472185,0.046651136,0.004282506342090472
-0.0316887983093549,-0.035496343,0.0038075446178625835
-0.0251696992483722,-0.016791098,-0.008378601428567056
0.0398360070800863,0.038776748,0.001059259197720118
-0.0373183951967157,-0.017445263,-0.01987313267521034
0.0121036224921428,0.007916118,0.004187504473813657
0.0449275202625346,0.040209673,0.004717846917445638
0.0301159071885905,0.0264728,0.0036431077086291064
-0.0118135526696475,0.0044542,-0.01626775282568054
-0.002879841070287,-0.012725109,0.009845268164165248
0.0383064578025283,0.032173067,0.006133390471214216
0.0319734377870263,0.030433781,0.001539656341999901
-0.0247022865843575,-0.031368416,0.006666129218359709
0.0313555317553378,0.035151236,-0.003795704003920472
0.0144524862452332,0.007208215,0.007244271172482155
0.021283317410853,0.02171234,-0.00042902300367107793
-0.0419775350435813,-0.050372157,0.008394622202293103
0.0193710442341217,0.030017562,-0.010646517976438143
-0.0271762261129855,-0.04536459,0.018188362386083713
0.0082257156185011,0.00626854,0.001957175686875973
-0.0228682231578221,-0.03240953,0.009541306975186858
0.055202535828713,0.059561558,-0.0043590222390856165
0.0031383467909499,-0.005258241,0.008396587993632156
0.0599125726924435,0.05514326,0.004769313226749075
0.0488069473397696,0.0407252,0.008081745971437689
0.0014912727292821,-0.001803888,0.0032951607372805666
-0.0319417338716721,-0.03217966,0.00023792722347026202
0.0413086783401884,0.03727768,0.004030998449794189
0.0486527928550811,0.03882058,0.00983221320706322
0.0796162361405401,0.07670811,0.0029081279538182986
0.035358902165235,0.026202345,0.009156556898296787
0.0057133730698562,0.011385469,-0.005672095696237054
-0.0219999595524436,-0.015053965,-0.006945994401133634
0.0149294868787723,0.0207233,-0.00579381317589708
-0.0152320067442745,-0.021549975,0.006317968755236264
0.0405432424614149,0.037863053,0.002680189079971876
0.0343621334552,0.027972493,0.006389640134496492
0.0151114817279691,0.018583681,-0.0034721997064238296
0.0437360010254285,0.040144682,0.003591319094886511
-0.0244152520574966,-0.03467002,0.010254769327457853
-0.0089072776701394,0.0026579066,-0.011565184288108675
0.0126186984106698,0.0139653,-0.0013466018736562769
0.0714262959888935,0.066965446,0.004460850112771975
-0.0369731479409553,-0.030943168,-0.006029979613742964
0.0693287286365341,0.065595254,0.003733474334509254
0.0367841745986393,0.03045758,0.006326594136541179
0.054602201561046,0.055389136,-0.0007869345149275134
0.0429268649804055,0.04801789,-0.005091024280840226
-0.0047542221905282,-0.0047013247,-5.289745196609269e-05
-0.0525112378964979,-0.039594147,-0.012917090542133504
-0.0297317792750318,-0.03460347,0.004871689798740631
-0.0016424961148652,0.0032859533,-0.004928449424252169
0.0442476874132367,0.04628397,-0.0020362841050414193
0.0427692146436536,0.0424281,0.00034111602466938007
0.0414866548337631,0.043434706,-0.0019480507514782197
-0.0021921989366183,-0.006122097,0.003929897970729141
0.0162769514778198,0.018862812,-0.0025858603707014337
0.0339358348499632,0.031301197,0.00263463818539144
0.0647867828267908,0.06542223,-0.0006354466420316757
-0.0435792400951051,-0.05183218,0.008252940375123093
0.0219422114574542,0.013278899,0.008663312674426073
0.0466257582989634,0.046683285,-5.7527086406855554e-05
-0.0027168087158826,4.4839282e-05,-0.002761647997937054
-0.0277778918186765,-0.03306357,0.005285676356162519
0.0494895285432206,0.051681235,-0.0021917068894042185
0.0274637388033604,0.03144094,-0.003977200950887265
0.0680970680591673,0.060687903,0.007409164744338434
-0.0043707719947116,-0.002968883,-0.001401889085666977
0.031012265368417,0.03611135,-0.005099085734173562
0.0456123951091451,0.0507545,-0.005142103581221642
-0.0291356077902111,-0.026388707,-0.0027469011508020336
-0.0237799043440983,-0.030582134,0.006802229336483747
-0.0057152161494303,-0.010861204,0.005145987856347536
-0.055436739823207,-0.053242818,-0.0021939223021117255
0.0491185579434868,0.03931709,0.009801467879199617
0.0624905100491812,0.05928598,0.0032045303312113055
-0.0234378228308077,-0.015578896,-0.007858927023541466
0.0295966490297325,0.028753284,0.0008433646647937644
-0.046713560792,-0.026094196,-0.02061936442771644
0.0311257270511526,0.017646473,0.013479254150046718
0.0337582342493534,0.03545505,-0.0016968175601959345
-0.0131925640562714,0.004421521,-0.017614085034483758
0.0252304641646417,0.02103848,0.004191984061625801
0.01659635859328,0.012846942,0.0037494165335842794
0.0149059507304396,0.026491491,-0.011585540393594327
0.0529794703397348,0.041272786,0.011706684825141672
0.0325108700899743,0.04081326,-0.008302389690432649
0.0410765561869612,0.042187944,-0.00111138786764238
0.0804074034664015,0.07236835,0.008039049861131117
-0.0267368305689028,-0.046444587,0.019707756840593508
-0.0146195913526554,-0.02222884,0.007609249385879528
0.0137875963974997,0.018139858,-0.004352261401315073
0.0308966553308659,0.03194972,-0.001053065945894202
0.0109516866286123,0.017323382,-0.006371695570198278
-0.0108988470426149,-0.013844076,0.002945228570108928
-0.0234276455114663,-0.017409397,-0.0060182482223093865
0.0046889492918596,0.012216355,-0.007527405428434875
-0.0375597309796214,-0.022627944,-0.0149317868528962
0.0025453777471323,0.0031933202,-0.0006479424936931145
0.0312789708757406,0.023688031,0.00759093951523359
0.0747558669491065,0.07429777,0.00045809609129553175
0.0248916655673823,0.0065244026,0.018367262919171776
0.0569231933451447,0.05284059,0.004082602868154955
-0.0281343238465734,-0.027423993,-0.0007103310935445313
0.0805849562053311,0.08406608,-0.003481121861494768
0.0719686797821153,0.073799714,-0.0018310346639525132
0.0422346722079766,0.041318897,0.0009157750500691161
-0.0310600402815307,-0.0099321315,-0.02112790877502807
0.0302759818269617,0.027353946,0.0029220357074148107
0.0037170724722352,0.014404148,-0.01068707539115286
0.0318844379633795,0.034924958,-0.0030405199378598924
-0.0193222735218727,-0.01982152,0.0004992473728931551
0.0227940483648955,0.027845735,-0.005051686365467392
-0.0395820533777999,-0.052007418,0.012425364748067942
0.0533141957232802,0.057221867,-0.003907671420827617
0.0779854946254388,0.07846546,-0.00047996710551823085
0.0614698077074838,0.0585254,0.002944409333879981
-0.0207266050658345,-0.015739435,-0.004987169735801197
0.0620667810132063,0.065254554,-0.00318777313928241
0.0520813400898262,0.047110952,0.004970387652902218
-0.0229325757848144,-0.02764267,0.004710093371379332
-0.0098021373375511,-0.014560517,0.0047583795861149
-0.0086849239026832,-0.0036742985,-0.005010625377826632
0.0181320269239006,0.014277283,0.00385474382162666
-0.030269421361223,-0.028214939,-0.0020544824226052943
0.0801010102997016,0.07584691,0.004254099823017027
-0.0212204436546009,-0.03043576,0.009215315919573981
0.0715464429065974,0.07337456,-0.0018281190588681495
0.0095539428764012,0.006231424,0.003322518943342222
0.0120054887856363,0.028284987,-0.016279498649108534
0.0015361261464766,0.014234647,-0.012698521008331444
0.0508960606517977,0.046125215,0.00477084610487883
0.0319793435822788,0.030953487,0.0010258562009397287
0.0558671054278855,0.05957565,-0.003708545413112198
-0.0366121365466486,-0.015285634,-0.021326502110935307
0.0499555994320112,0.056760762,-0.006805162454823897
0.0015121323310083,-0.0032386463,0.004750778644556388
-0.0194339239107899,-0.015923006,-0.0035109174507192906
0.0594503526024598,0.058742534,0.0007078182332295319
0.0114991196139726,0.014454771,-0.00295565121928126
0.0564080603793999,0.05495268,0.0014553793147941904
-0.0078936772816196,-0.015641604,0.007747926337240646
0.0384633231913577,0.03249336,0.005969962850762456
0.0391528024095349,0.033870723,0.005282079311018435
-0.0449467874231926,-0.06077061,0.015823821061552425
-0.0277041293118656,-0.032422982,0.004718852844411103
0.0655669708660269,0.065564714,2.2564938688546254e-06
-0.0051037815832804,-0.010423552,0.0053197706616212575
0.046805248105588,0.03777819,0.009027056837143936
0.0513735846614722,0.051279977,9.360769747531611e-05
0.0485635812876761,0.046687063,0.0018765184579432048
0.036367800071171,0.036525883,-0.000158082709380912
0.0230223416164215,0.0031839635,0.019838378140672602
-0.0387486543518405,-0.04623599,0.007487335427393431
0.0123131362535801,-0.0041797673,0.016492903586551196
0.0318455963454895,0.0016580585,0.030187537853022695
0.0440649371750104,0.042328525,0.0017364118404137666
0.0820138744945324,0.08055246,0.001461415731409843
0.0629476462080371,0.063632466,-0.0006848196909535337
0.0507135506078392,0.05040342,0.0003101307257801014
0.0026089876578159,-0.00085760414,0.0034665918014913167
-0.0127549545981524,-0.008128477,-0.0046264773376820095
0.0287195058742023,0.030526197,-0.0018066907099031915
0.0507925533185585,0.046967614,0.0038249388764484415
0.0550789834849711,0.042622115,0.012456868021952686
0.0142086576514838,0.01946109,-0.005252432093680117
0.0574784705511215,0.048436515,0.009041955517876413
0.0291364004882671,0.026461996,0.0026744043501712444
0.0274329025128749,0.02775771,-0.0003248073330256347
0.0029386104296035,0.003222397,-0.0002837866333239847
0.0464999268542917,0.046770196,-0.0002702695537416741
0.0733445762191941,0.07086127,0.0024833037053276774
0.0176398609454058,0.031774778,-0.014134916973648232
-0.0155994725952697,-0.009010366,-0.006589106431121846
0.0608183160481578,0.051425345,0.009392970806134333
0.0603255927080791,0.04428039,0.016045201521603346
0.0830759652130161,0.075516336,0.007559629546836449
-0.0156370704599064,-0.009195261,-0.00644180975634271
0.0028200590750168,0.015895229,-0.013075169757943329
0.0845269116341952,0.077489376,0.007037535566079972
0.0412487241023402,0.04957069,-0.008321966738142512
0.0692320469907328,0.06560448,0.0036275688699289738
0.0677618214917584,0.067083746,0.0006780752969189202
-0.0153709650468538,0.008649549,-0.024020514493853826
0.0286088552556992,0.028668534,-5.967875494952701e-05
0.0496993007849926,0.04949135,0.00020795117728653056
0.001458969832336,-0.017083703,0.018542672441278985
-0.0076033179662521,-0.012568122,0.004964803809732664
0.0256381469453994,0.013616731,0.012021415555042384
-0.0372124090968128,-0.031187009,-0.006025400030469495
-0.03069468985758,-0.027769184,-0.0029255061175602025
-0.0088865172840793,-0.01870308,0.009816563429669632
0.100622481485448,0.09853287,0.002089611073575137
0.0305174808504419,0.03184069,-0.0013232086298628175
0.001580028702568,0.00056158454,0.001018444158665573
0.0734452221850182,0.07156781,0.0018774111131454885
-0.039160915815824,-0.03055504,-0.00860587617158267
-0.0146974385771568,-0.001158978,-0.013538460602019268
-0.0274739181715595,-0.019092428,-0.00838149060491197
-0.0486167008032998,-0.035963614,-0.012653087263365642
0.0264158119346793,0.03243168,-0.006015868774444311
0.0572741314493324,0.061026875,-0.0037527434803341225
-0.0489636531677604,-0.04335965,-0.0056040047314524916
0.0487586074417082,0.040947624,0.007810983890816324
0.008211322851695,0.004601973,0.0036093497427477222
0.0113117097458705,0.013690999,-0.002379289031876654
0.0370992105319932,0.03767079,-0.0005715806171462043
0.0033256543517283,-0.0062642633,0.009589917650090794
0.0182941994387786,0.019134149,-0.000839949516566553
0.0685064216978102,0.068114206,0.0003922155029325719
0.0681989968401328,0.062903844,0.005295153020037732
-0.0241794279340484,-0.01407042,-0.0101090083394029
-0.02914507182264,-0.023646282,-0.005498789790507851
0.0247329005412446,0.021006197,0.003726703803955171
-0.0045383693032486,-0.0006995669,-0.0038388023932052415
0.0230938836314604,0.015306209,0.007787674417428704
0.0355015976309529,0.0341239,0.001377696353172364
0.0377888090789165,0.038701646,-0.0009128369510326903
0.0099509179259237,0.011094439,-0.001143520917505388
0.0106828780472761,0.014006328,-0.0033234497904295127
0.03885268875174,0.023734463,0.01511822537295296
0.0494167256002027,0.024792608,0.024624117726524494
-0.0456330787198054,-0.024569552,-0.0210635263280379
0.0531121161931148,0.04695261,0.006159507220326946
0.037586548231665,0.035380393,0.0022061549649871406
0.0376603237238917,0.035765678,0.0018946460333857176
0.0484257591458062,0.044235155,0.0041906041594246685
-0.0259582802268609,-0.017534755,-0.008423525056515592
0.0057229313463621,-0.0040143966,0.00973732792071031
-0.0090760338494173,-0.008944342,-0.00013169193655166063
0.044465395365419,0.04323576,0.0012296351832767408
0.0318932655920731,0.02878519,0.00310807597837319
-0.0112946245293329,-0.0068453415,-0.00444928299963572
0.0209599211144629,0.02608231,-0.005122389711123419
0.0055327747571231,0.00804984,-0.0025170653504370576
-0.0008772490889151,-0.0034011514,0.002523902303693781
0.0221096465618764,0.0060175,0.016092146492884023
0.0587500169732202,0.05855793,0.0001920856394399123
0.0767775314742021,0.07032202,0.006455509632199236
0.0279881888189776,0.030456593,-0.0024684044411914276
0.0057350851501635,0.0062303017,-0.0004952165391930658
0.0656551736468822,0.0636431,0.0020120757693797564
-0.0183057777413681,-0.016833587,-0.0014721911230638485
-0.0520844960857753,-0.04570359,-0.0063809061695460495
-0.0233675904443992,-0.027705085,0.004337494088100115
0.0188116066157974,0.023706032,-0.004894425347431779
-0.0392835905093849,-0.034299992,-0.0049835984844863734
-0.0054758989192508,0.0029465773,-0.008422476186972096
0.0347268409512752,0.03748077,-0.0027539305903202596
-0.0221032099278924,-0.00695897,-0.015144240059172823
-0.0570259135732179,-0.04237364,-0.014652274973106894
0.0366684927259037,0.03824669,-0.0015781985010555263
0.0441919084186088,0.03071913,0.013472779049945968
0.0212953224658178,0.030176394,-0.008881071221907268
-0.039826181623729,-0.04670072,0.006874538120238055
0.0452904535461472,0.045443866,-0.0001534128557635836
0.0545243980155415,0.053499006,0.0010253922806209986
0.0957117958562255,0.091158144,0.004553651680219178
-4.29520845828148e-05,0.010926765,-0.010969717474323282
0.0329082645195531,0.024903174,0.008005090029816544
0.0256812066850594,0.032763287,-0.007082080739981799
0.0651686605314478,0.06419735,0.0009713139633402007
0.0454008253147962,0.053401668,-0.008000842309915789
-0.016346724741032,-0.014607492,-0.0017392328380249691
0.0574305199064419,0.051537205,0.005893315372626516
-0.0022846928552298,-0.0056939586,0.0034092657513411593
0.0497965624029059,0.048515376,0.0012811866993326718
-0.0440585649221069,-0.037486643,-0.006571922323001064
0.0822642318544009,0.081838354,0.00042587738605526226
-0.0128423658088287,-0.021585854,0.008743487961546552
0.0658836398078613,0.06496287,0.0009207684351615619
0.0189196599269348,0.02277819,-0.003858530745462812
0.0297445619193429,0.025240371,0.004504190915595913
0.0712195742111442,0.07451534,-0.0032957685012581506
0.0190351561177588,0.012887604,0.006147552514455368
-0.0329325218113748,-0.016641552,-0.01629097018266596
0.0353459121089902,0.03222321,0.0031227023702588147
0.0315333076118588,0.027080253,0.004453054845249611
0.0601390893825312,0.053115357,0.007023732668997799
0.0204614531669954,0.012428885,0.00803256784120595
0.0379746213558424,0.015257586,0.0227170355621088
0.06735637140021,0.06362491,0.003731460389944652
-0.0416975325001688,-0.032399416,-0.009298116530320165
0.0031304551994683,-0.0027119103,0.005842365488249228
0.025141246128852,0.01999349,0.005147756520683399
0.0583292645708386,0.0667058,-0.008376536022060725
0.0067360390675011,-0.006419729,0.013155768043244156
-0.0253928402163187,-0.03535549,0.00996264948471394
-0.0122255549900586,-0.022245023,0.010019468409532845
0.0461326369969676,0.044992458,0.0011401789216826455
0.0249075302029524,0.032558057,-0.007650527254256235
0.0834030254088579,0.0833577,4.532619344575772e-05
0.0208312083174992,0.015787993,0.005043215691070597
0.0326743420399454,0.029916864,0.0027574781514432822
0.0167151805766187,0.014562965,0.002152215205904036
0.0688271897029904,0.06584729,0.0029798971605328184
-0.0110446095229116,-0.01265756,0.0016129508852037872
0.0760824656105242,0.07085872,0.005223748645802523
0.0319895941855792,0.033640154,-0.00165055952049456
0.0215151531546557,0.007734974,0.013780179239734416
0.0513207709865995,0.05549818,-0.004177408061700291
-0.0288266798711315,-0.009270173,-0.01955650730495604
0.0051666418526114,-0.0079209795,0.013087621374780038
0.0332857860137952,0.030836198,0.00244958753485805
0.0475623304917372,0.047151648,0.0004106829835928208
-0.0194906853958775,-0.014664003,-0.004826682701687953
0.0182589574794701,0.01925717,-0.0009982117374011633
0.107380067802589,0.10146647,0.005913598335902756
0.0715502024963535,0.06767916,0.003871043153110848
0.0038277260609351,0.0047278353,-0.0009001092403747241
0.04874467727962,0.052862223,-0.0041175459581329135
0.043229305754242,0.03421738,0.00901192576700216
0.0425971646479294,0.0485948,-0.0059976342448070374
0.0128046426620102,0.02210692,-0.009302276775636666
0.0208941539106566,0.014996914,0.005897239717622429
0.0604081135411341,0.054811403,0.005596710385807259
0.0762185490263781,0.071209215,0.005009334398635337
0.0099976139197388,0.014658424,-0.004660810152228802
0.0199330945597977,0.009232221,0.01070087338853782
0.0335632509986305,0.025712816,0.007850434953942276
0.0876494734971508,0.0803551,0.007294373163460155
0.034644568973346,0.03041911,0.004225459584160096
0.0637401499889349,0.063804604,-6.445412416705709e-05
-0.056802036943599,-0.03626054,-0.020541495415135634
0.017568827647477,0.014394557,0.00317427054396233
0.0133052127712537,0.008220847,0.005084366006510372
0.0339500671511151,0.034285158,-0.00033509076781495367
0.0003536748332557,-0.0054415776,0.005795252472686461
0.0445895840700947,0.042977817,0.0016117667135082461
0.02415946655664,0.01512289,0.009036577015550464
0.0750014487299849,0.07129119,0.003710255363934184
0.0532538768793392,0.05017511,0.003078765138511637
-0.0430157888507154,-0.037897058,-0.005118731019428016
0.0094451399351061,0.006269896,0.0031752439978123322
-0.0301561120338002,-0.021976463,-0.008179648537115173
0.0291006472143803,0.030931305,-0.0018306579258765832
-0.0385500803471238,-0.03337044,-0.0051796413839489824
-0.0451642474206764,-0.039586812,-0.0055774351629096774
0.0820471567020819,0.07916057,0.002886585603754266
-0.0407684999256026,-0.03839716,-0.0023713404981981975
0.0433674904287255,0.042336173,0.001031317073146125
0.0057393384411386,0.008178944,-0.002439605327005054
-0.0146621545885705,-0.0035532548,-0.011108899825906062
0.0397175619234357,0.03615425,0.003563310377768053
0.00800126632345,-0.0025851033,0.010586369593116433
0.0115412537224266,0.010628857,0.0009123970038864091
-0.0299530072674713,-0.01801069,-0.011942316459175095
0.0640987078392241,0.06424813,-0.00014942188623214003
0.0425368912196257,0.039587494,0.0029493972337343577
0.0134711649179612,0.014948097,-0.0014769321396793517
-0.0145857628305326,-0.0061278515,-0.00845791128099661
0.0208320743508791,0.017670419,0.003161655283734705
0.0079072170541569,0.008739843,-0.000832625979097246
0.0254752043560678,0.023896165,0.0015790391639405738
0.0771991960729041,0.0736076,0.003591594847527968
0.0010338243588565,0.008205657,-0.0071718325346948495
-0.0500084826422398,-0.024530962,-0.025477520532674068
0.0257781947044965,0.021510163,0.0042680313824053975
-0.0194702504809228,-0.015363502,-0.004106748164745908
0.0461724646198618,0.045106202,0.0010662622558939017
0.0352305743493621,0.033686142,0.001544431934553829
-0.0121235705247593,-0.0034770654,-0.008646505166448363
0.020456923960655,0.021355454,-0.0008985299179861302
-0.0163033224304629,-0.028536322,0.012232999164848265
0.0901263218131018,0.08017642,0.009949901303286587
0.071769782992377,0.07399745,-0.0022276698627331643
0.0019939721435229,0.0028421509,-0.0008481787178744858
-0.0095881060986914,-0.0027432337,-0.006844872404927786
0.0344698172637645,0.031367857,0.0031019602545920635
0.0443236306528311,0.041423976,0.0028996542314748963
0.0374750971581296,0.040003996,-0.0025288991842909794
0.0478750101186144,0.045744658,0.0021303526021349065
0.0417320279807206,0.043421254,-0.001689225581252972
0.0534639814109641,0.04990424,0.003559742978318299
-0.0055171008500411,0.006499777,-0.01201687793239493
-0.0286940755627048,-0.0224819,-0.006212175854195354
0.0113577320843577,0.009752209,0.0016055227860450362
0.0293330953123898,0.029321041,1.2054354223679092e-05
0.0016483173002808,0.0049851527,-0.003336835443475971
0.0149263676992176,0.018258711,-0.003332343623924452
0.0611416507515521,0.057332695,0.0038089562210650366
-0.0208792337105808,-0.024465628,0.0035863942577305102
0.0368057335434621,0.039527353,-0.002721619355850871
0.0492833855964445,0.051133648,-0.0018502619646288063
-0.0129185991899005,-0.016687494,0.0037688945814141218
0.0558820407220073,0.047777392,0.008104648751849679
-0.0533806165504404,-0.03320293,-0.02017768526553592
0.0813774237146967,0.0792793,0.00209812016397648
0.0415880121139169,0.04310353,-0.0015155188890814547
0.0409416446599171,0.045099292,-0.004157647290547149
-0.0365627797897494,-0.023108065,-0.013454714661422985
0.0602375501305398,0.055291936,0.0049456143290337595
0.0530495692075834,0.054669246,-0.001619676869954137
0.0274328904823794,0.029996576,-0.0025636853052840615
-0.0680621706354832,-0.039159693,-0.028902477811596328
0.0686824946671101,0.05705049,0.011632005777892723
0.0498613196391902,0.045062996,0.004798323192103868
0.0523859141099331,0.05155897,0.0008269427049038061
-0.024100483660653,-0.017271515,-0.006828968678667908
-0.0084043905211514,-0.004730609,-0.0036737817412143704
-0.006594325623721,-0.014464414,0.007870088123470429
-0.0524447203647067,-0.03456964,-0.017875080652134605
0.0123459100447917,0.0025335157,0.009812394362347723
0.0346968700394895,0.03491891,-0.0002220417155954918
0.0770165335107034,0.0779746,-0.0009580690693671012
-0.0011407626769713,-0.01037347,0.00923270769648041
0.067459951075414,0.061830383,0.005629568281272229
-0.0416103734599848,-0.031583656,-0.010026717834403058
-0.0168712662518374,-0.034800094,0.017928827369178148
0.0242365269933175,0.028475653,-0.004239126386838064
-0.0356545813357462,-0.04518678,0.009532199057377427
-0.031494113549291,-0.03816343,0.006669317439497606
0.0004057603161387,0.0058948067,-0.0054890463855512585
-0.0346016054126912,-0.02785971,-0.006741895255773629
0.0653882483397716,0.055898845,0.009489403144001332
0.035134594914888,0.037477497,-0.002342902096535114
0.059555379183365,0.05657374,0.0029816380453835875
-0.0416527745349485,-0.047406796,0.005754021831027835
-0.0190080102375475,-0.020379363,0.0013713523903163827
0.000962056847929,0.005720443,-0.004758386244357587
-0.0281750476328812,-0.025010517,-0.0031645307658396127
-0.0301059846073723,-0.014453127,-0.015652857558462636
0.0435282565189603,0.033401337,0.010126919998050037
-0.0372853772360155,-0.022411091,-0.01487428598285407
0.0454872284845312,0.041468207,0.004019021691461358
-0.0037692920349933,-0.0065312553,0.0027619632847212462
0.0747001430643723,0.07550232,-0.0008021780597045475
0.0597748545717718,0.06408836,-0.004313504903364004
0.0252335864917007,0.01391741,0.0113161766768065
3.96698500104623e-05,0.0076113166,-0.007571646778743677
-0.0069658281486113,-0.0059100604,-0.0010557677801330016
0.0177012302956748,0.011365038,0.006336191952900885
0.0709813165401472,0.07084989,0.00013142851343286854
0.0464878057894063,0.043229874,0.0032579315659356095
-0.0441005278435516,-0.030335043,-0.013765485217885932
-0.0143334250865298,-0.022549516,0.008216090503541879
0.0349950317612574,0.028515555,0.006479476796715011
0.0530349247753428,0.050471228,0.0025636971592711
-0.0409561229995265,-0.01991983,-0.021036293556429386
0.0486325285512939,0.03124514,0.017387388192488244
0.0248351675111115,0.0252943,-0.00045913265764117167
0.056414348665313,0.0595802,-0.0031658507551391157
0.0045270475822921,0.0076866555,-0.0031596079204742706
-0.0365333250631983,-0.03318027,-0.003353054719179363
-0.0414916948220082,-0.03114286,-0.010348834170991965
0.0224689256543333,0.019013995,0.0034549303496295876
0.0635617286247361,0.06673865,-0.0031769215780150656
0.0350187345023207,0.029902449,0.005116285624628479
0.0691794075097231,0.07167565,-0.0024962432657094913
0.0370563070944185,0.036119696,0.0009366113415593819
